timestamp,dur_max_ms_animal,dur_max_ms_bicycle,dur_max_ms_bus,dur_max_ms_car,dur_max_ms_car trailer,dur_max_ms_caravan,dur_max_ms_heavy,dur_max_ms_light,dur_max_ms_motorcycle,dur_max_ms_pedestrian,dur_max_ms_pram,dur_max_ms_scooter,dur_max_ms_tractor,dur_max_ms_tram,dur_max_ms_truck trailer,dur_max_ms_van,dur_max_ms_wheelchair,dur_min_ms_animal,dur_min_ms_bicycle,dur_min_ms_bus,dur_min_ms_car,dur_min_ms_car trailer,dur_min_ms_caravan,dur_min_ms_heavy,dur_min_ms_light,dur_min_ms_motorcycle,dur_min_ms_pedestrian,dur_min_ms_pram,dur_min_ms_scooter,dur_min_ms_tractor,dur_min_ms_tram,dur_min_ms_truck trailer,dur_min_ms_van,dur_min_ms_wheelchair,dur_sum_ms_animal,dur_sum_ms_bicycle,dur_sum_ms_bus,dur_sum_ms_car,dur_sum_ms_car trailer,dur_sum_ms_caravan,dur_sum_ms_heavy,dur_sum_ms_light,dur_sum_ms_motorcycle,dur_sum_ms_pedestrian,dur_sum_ms_pram,dur_sum_ms_scooter,dur_sum_ms_tractor,dur_sum_ms_tram,dur_sum_ms_truck trailer,dur_sum_ms_van,dur_sum_ms_wheelchair
2026-02-09T01:00:00+01:00,120640.0,21200.0,0.0,208640.0,0.0,0.0,0.0,15720.0,15640.0,597560.0,20640.0,9240.0,0.0,0.0,0.0,329360.0,15120.0,3040.0,3280.0,0.0,3040.0,0.0,0.0,0.0,3400.0,3040.0,3040.0,3040.0,3200.0,0.0,0.0,0.0,3240.0,6240.0,5945311.0,338998.0,0.0,1427509.0,0.0,0.0,0.0,44280.0,226320.0,38287162.0,286960.0,19240.0,0.0,0.0,0.0,1369760.0,21360.0
2026-02-10T01:00:00+01:00,46000.0,41600.0,0.0,41840.0,42480.0,0.0,3480.0,49840.0,17720.0,65960.0,50000.0,48640.0,57520.0,7040.0,62320.0,56080.0,55440.0,3040.0,3040.0,0.0,3040.0,3040.0,0.0,3480.0,3040.0,3120.0,3040.0,3040.0,3440.0,4480.0,3160.0,3040.0,3040.0,5720.0,8035317.0,1232479.0,0.0,3015239.0,758879.0,0.0,3480.0,3936715.0,139280.0,83449113.0,4121160.0,190040.0,62000.0,26160.0,1247999.0,2834835.0,163999.0
2026-02-11T01:00:00+01:00,33600.0,27480.0,6520.0,32600.0,15160.0,0.0,0.0,32320.0,33440.0,37080.0,34240.0,30840.0,12840.0,0.0,0.0,33080.0,7320.0,3040.0,3040.0,4960.0,3020.0,5960.0,0.0,0.0,3040.0,3360.0,3040.0,3120.0,3080.0,6200.0,0.0,0.0,3040.0,3160.0,3312237.0,1493317.0,11480.0,5816654.0,45840.0,0.0,0.0,3011197.0,102320.0,73799138.0,922760.0,210800.0,19040.0,0.0,0.0,3503605.0,27880.0
2026-02-12T01:00:00+01:00,26160.0,29320.0,13480.0,27160.0,9360.0,0.0,4120.0,28040.0,21040.0,29040.0,26040.0,9240.0,15080.0,0.0,0.0,26000.0,20480.0,3040.0,3040.0,3720.0,3030.0,3080.0,0.0,4120.0,3080.0,3640.0,3040.0,3040.0,3040.0,5840.0,0.0,0.0,3040.0,3200.0,7272349.0,1505437.0,78920.0,4347958.0,144640.0,0.0,4120.0,1277519.0,97000.0,60985504.0,1284757.0,132839.0,70480.0,0.0,0.0,1207470.0,479640.0
2026-02-13T01:00:00+01:00,25240.0,19600.0,22880.0,24040.0,24240.0,0.0,0.0,23240.0,16960.0,24840.0,22720.0,20240.0,14880.0,0.0,21400.0,24280.0,23160.0,3040.0,3120.0,3240.0,3040.0,3040.0,0.0,0.0,3080.0,3040.0,3040.0,3040.0,3040.0,5120.0,0.0,3040.0,3040.0,3040.0,2850838.0,754239.0,159800.0,7695576.0,993038.0,0.0,0.0,1088520.0,388799.0,65567301.0,664879.0,528959.0,41600.0,0.0,598278.0,4336127.0,2485239.0
2026-02-14T01:00:00+01:00,21640.0,20320.0,8960.0,22000.0,0.0,0.0,0.0,22280.0,13960.0,22800.0,17040.0,8360.0,12400.0,0.0,0.0,22000.0,5040.0,3040.0,3040.0,3120.0,3040.0,0.0,0.0,0.0,3040.0,3120.0,3040.0,3080.0,4160.0,7840.0,0.0,0.0,3040.0,5040.0,1741279.0,949960.0,44600.0,8599556.0,0.0,0.0,0.0,2099320.0,151960.0,75386984.0,429640.0,46000.0,20240.0,0.0,0.0,1264478.0,5040.0
2026-02-15T01:00:00+01:00,20840.0,19560.0,12240.0,20440.0,13480.0,0.0,0.0,21200.0,18760.0,21240.0,19240.0,17520.0,18200.0,0.0,0.0,18000.0,16600.0,3040.0,3040.0,3080.0,3040.0,5640.0,0.0,0.0,3040.0,3160.0,3040.0,3040.0,3400.0,3400.0,0.0,0.0,3040.0,3200.0,1117229.0,1608237.0,549839.0,7931034.0,19120.0,0.0,0.0,2463519.0,149680.0,42646327.0,614799.0,194360.0,35320.0,0.0,0.0,236680.0,34240.0
2026-02-16T01:00:00+01:00,18040.0,18840.0,19240.0,19640.0,13320.0,0.0,0.0,17560.0,17880.0,20000.0,18640.0,16600.0,9840.0,0.0,0.0,19440.0,14680.0,3040.0,3040.0,3120.0,3030.0,3040.0,0.0,0.0,3120.0,3040.0,3040.0,3080.0,3040.0,3280.0,0.0,0.0,3040.0,4160.0,2417439.0,1383159.0,884397.0,8949375.0,148880.0,0.0,0.0,367840.0,76160.0,45400267.0,1006799.0,587560.0,17960.0,0.0,0.0,1677659.0,48880.0
2026-02-17T01:00:00+01:00,18240.0,16840.0,10440.0,17480.0,16280.0,0.0,4440.0,18560.0,13520.0,18920.0,14200.0,18240.0,13840.0,0.0,18640.0,18440.0,4040.0,3040.0,3040.0,3120.0,3040.0,3040.0,0.0,4440.0,3040.0,3120.0,3040.0,3040.0,3040.0,3240.0,0.0,3160.0,3040.0,3040.0,7820624.0,1048678.0,149680.0,5574876.0,305360.0,0.0,4440.0,689000.0,172200.0,42945313.0,610919.0,1883358.0,48599.0,0.0,1457078.0,2993685.0,10840.0
2026-02-18T01:00:00+01:00,16920.0,16760.0,15760.0,17600.0,14640.0,0.0,3160.0,17080.0,17360.0,18000.0,15760.0,10640.0,14840.0,5920.0,11360.0,17840.0,9760.0,3040.0,3040.0,3040.0,3040.0,3720.0,0.0,3160.0,3080.0,3040.0,3040.0,3040.0,3120.0,3880.0,5920.0,11360.0,3040.0,3080.0,3972656.0,929839.0,89200.0,6560073.0,69520.0,0.0,3160.0,659519.0,362560.0,40132898.0,1046758.0,32920.0,30760.0,5920.0,11360.0,1647553.0,49320.0
2026-02-19T01:00:00+01:00,16760.0,16239.0,14000.0,17160.0,15880.0,0.0,6480.0,16720.0,15880.0,17280.0,16320.0,16520.0,14520.0,5160.0,7480.0,16720.0,15640.0,3040.0,3040.0,3040.0,3040.0,3080.0,0.0,3840.0,3040.0,3400.0,3040.0,3120.0,3040.0,4000.0,4840.0,7480.0,3040.0,4040.0,1670878.0,1716591.0,224560.0,10128391.0,187600.0,0.0,16640.0,1104400.0,248160.0,43985783.0,565360.0,662320.0,94280.0,10000.0,7480.0,1406837.0,68400.0
2026-02-20T01:00:00+01:00,16160.0,16160.0,10000.0,16440.0,16280.0,0.0,0.0,15720.0,15880.0,16640.0,16040.0,14040.0,14960.0,15000.0,15480.0,15960.0,13880.0,3040.0,3040.0,3120.0,3020.0,3040.0,0.0,0.0,3040.0,3040.0,3040.0,3040.0,3040.0,3280.0,3640.0,3120.0,3040.0,3040.0,4966640.0,1438069.0,117600.0,13490019.0,969600.0,0.0,0.0,1869918.0,1344359.0,53017489.0,1715238.0,243670.0,88120.0,86920.0,152520.0,806919.0,91160.0
2026-02-21T01:00:00+01:00,15160.0,15800.0,15480.0,16000.0,11440.0,0.0,0.0,16079.0,14480.0,16079.0,15880.0,15160.0,0.0,0.0,0.0,15000.0,12040.0,3040.0,3040.0,3280.0,3040.0,3360.0,0.0,0.0,3040.0,3200.0,3040.0,3040.0,3040.0,0.0,0.0,0.0,3160.0,12040.0,1101800.0,2685475.0,310600.0,11517008.0,40480.0,0.0,0.0,4016354.0,272880.0,52774817.0,1923519.0,230640.0,0.0,0.0,0.0,425079.0,12040.0
2026-02-22T01:00:00+01:00,15240.0,15200.0,0.0,15520.0,0.0,0.0,0.0,15480.0,12000.0,15600.0,15240.0,12600.0,5080.0,0.0,0.0,13320.0,6480.0,3040.0,3040.0,0.0,3040.0,0.0,0.0,0.0,3040.0,3040.0,3040.0,3200.0,3040.0,4040.0,0.0,0.0,3200.0,4960.0,3438872.0,996878.0,0.0,8761991.0,0.0,0.0,0.0,1645119.0,307958.0,26233931.0,455040.0,65480.0,9120.0,0.0,0.0,293680.0,23240.0
2026-02-23T01:00:00+01:00,14960.0,15040.0,3600.0,15200.0,8920.0,0.0,0.0,14560.0,15040.0,15120.0,14560.0,15040.0,0.0,5040.0,0.0,14600.0,14840.0,3040.0,3040.0,3600.0,3040.0,3440.0,0.0,0.0,3040.0,3040.0,3040.0,3040.0,3040.0,0.0,5040.0,0.0,3040.0,4160.0,9768585.0,1606358.0,3600.0,13280906.0,44080.0,0.0,0.0,616560.0,4248318.0,27904262.0,752160.0,404080.0,0.0,10080.0,0.0,2365197.0,61840.0
2026-02-24T01:00:00+01:00,14560.0,14600.0,4640.0,14760.0,5240.0,0.0,0.0,14560.0,14040.0,14760.0,14200.0,14120.0,0.0,0.0,5520.0,14560.0,14040.0,3040.0,3040.0,4640.0,3040.0,5240.0,0.0,0.0,3040.0,3040.0,3040.0,3040.0,3040.0,0.0,0.0,3440.0,3040.0,3360.0,5353510.0,1534279.0,4640.0,18881056.0,5240.0,0.0,0.0,2210395.0,1312199.0,37136189.0,593758.0,871920.0,0.0,0.0,26280.0,1913437.0,40080.0
2026-02-25T01:00:00+01:00,14200.0,14280.0,7560.0,14280.0,13240.0,0.0,0.0,14240.0,13760.0,14400.0,13160.0,13560.0,0.0,0.0,0.0,14200.0,12320.0,3040.0,3040.0,4760.0,3040.0,3240.0,0.0,0.0,3040.0,3040.0,3040.0,3040.0,3040.0,0.0,0.0,0.0,3080.0,3600.0,5742957.0,1780000.0,19040.0,17330483.0,186320.0,0.0,0.0,2147794.0,1287239.0,29747742.0,680078.0,986680.0,0.0,0.0,0.0,2620675.0,91599.0
2026-02-26T01:00:00+01:00,13640.0,13840.0,3440.0,14000.0,11760.0,0.0,0.0,13360.0,14000.0,14040.0,13960.0,13800.0,0.0,3120.0,0.0,14000.0,12160.0,3040.0,3040.0,3440.0,3040.0,3040.0,0.0,0.0,3040.0,3040.0,3040.0,3040.0,3040.0,0.0,3120.0,0.0,3240.0,3200.0,7016992.0,1282359.0,3440.0,15988821.0,155320.0,0.0,0.0,1017039.0,7246269.0,30290521.0,1317678.0,1153040.0,0.0,3120.0,0.0,1135837.0,59560.0
2026-02-27T01:00:00+01:00,13000.0,13440.0,12320.0,13720.0,13360.0,0.0,0.0,13520.0,13440.0,13680.0,13440.0,13360.0,10920.0,0.0,0.0,13560.0,9720.0,3040.0,3040.0,3040.0,3040.0,3040.0,0.0,0.0,3040.0,3040.0,3040.0,3040.0,3040.0,6760.0,0.0,0.0,3040.0,3840.0,3472376.0,1205000.0,221039.0,16850950.0,820878.0,0.0,0.0,1667237.0,3463835.0,39480720.0,911640.0,275199.0,17680.0,0.0,0.0,2644357.0,27960.0
2026-02-28T01:00:00+01:00,13400.0,13360.0,11480.0,13360.0,13200.0,0.0,0.0,13360.0,12880.0,13360.0,13000.0,11960.0,0.0,6000.0,0.0,13320.0,0.0,3040.0,3080.0,3040.0,3040.0,3040.0,0.0,0.0,3040.0,3040.0,3040.0,3040.0,3080.0,0.0,6000.0,0.0,3040.0,0.0,3231512.0,1267919.0,227040.0,9831382.0,226480.0,0.0,0.0,2194717.0,594360.0,50197843.0,1063918.0,203680.0,0.0,6000.0,0.0,3503593.0,0.0
2026-03-01T01:00:00+01:00,12880.0,13000.0,10360.0,12840.0,13040.0,0.0,0.0,13160.0,12600.0,13200.0,12920.0,0.0,0.0,0.0,0.0,13000.0,4240.0,3040.0,3040.0,3080.0,3040.0,3240.0,0.0,0.0,3120.0,3040.0,3040.0,3040.0,0.0,0.0,0.0,0.0,3040.0,4240.0,1637397.0,635480.0,270720.0,5599717.0,137400.0,0.0,0.0,1077080.0,607560.0,21653617.0,408119.0,0.0,0.0,0.0,0.0,2835833.0,4240.0
2026-03-02T01:00:00+01:00,12360.0,12920.0,12400.0,12960.0,7640.0,0.0,0.0,12920.0,12680.0,12960.0,12800.0,12960.0,0.0,10000.0,0.0,12920.0,12280.0,3040.0,3040.0,3120.0,3040.0,3760.0,0.0,0.0,3040.0,3040.0,3040.0,3040.0,3040.0,0.0,9920.0,0.0,3040.0,3120.0,2514117.0,1524238.0,38720.0,11334587.0,11400.0,0.0,0.0,610439.0,533559.0,32376842.0,2437115.0,1296878.0,0.0,19920.0,0.0,1672838.0,96600.0
2026-03-03T01:00:00+01:00,12280.0,12800.0,5240.0,12720.0,12680.0,0.0,9800.0,12080.0,12160.0,12760.0,12680.0,12520.0,7600.0,12200.0,0.0,12720.0,10000.0,3040.0,3040.0,4600.0,3040.0,3040.0,0.0,4480.0,3040.0,3040.0,3040.0,3040.0,3040.0,3560.0,3040.0,0.0,3040.0,3960.0,2722267.0,1604716.0,14640.0,13246041.0,204800.0,0.0,21240.0,1934397.0,441439.0,36198386.0,3696916.0,568960.0,11160.0,182520.0,0.0,2016317.0,28000.0
2026-03-04T01:00:00+01:00,12040.0,12360.0,7640.0,12560.0,9640.0,8480.0,0.0,12160.0,12440.0,12560.0,12320.0,12040.0,0.0,0.0,0.0,12520.0,7760.0,3040.0,3040.0,3960.0,3020.0,3240.0,5120.0,0.0,3040.0,3040.0,3040.0,3040.0,3040.0,0.0,0.0,0.0,3040.0,4000.0,1241715.0,2023796.0,30600.0,12227097.0,64000.0,13600.0,0.0,1153598.0,1056154.0,34092299.0,1589759.0,296758.0,0.0,0.0,0.0,1454960.0,22360.0
2026-03-05T01:00:00+01:00,12120.0,12440.0,11880.0,12480.0,11280.0,0.0,0.0,12040.0,12360.0,12440.0,12240.0,12320.0,0.0,12040.0,0.0,12360.0,11120.0,3040.0,3040.0,3040.0,3040.0,3120.0,0.0,0.0,3040.0,3160.0,3040.0,3040.0,3040.0,0.0,3120.0,0.0,3040.0,8840.0,1920716.0,2497517.0,402479.0,8078698.0,91160.0,0.0,0.0,737680.0,473919.0,36409289.0,1316637.0,521280.0,0.0,192480.0,0.0,1819555.0,19960.0
2026-03-06T01:00:00+01:00,12160.0,12200.0,11680.0,12160.0,11960.0,0.0,4880.0,12160.0,11960.0,12280.0,12120.0,11960.0,0.0,0.0,7640.0,12000.0,8000.0,3040.0,3040.0,3080.0,3040.0,3440.0,0.0,4880.0,3040.0,3120.0,3040.0,3040.0,3040.0,0.0,0.0,3080.0,3040.0,3920.0,3751876.0,1659358.0,110760.0,9175143.0,152920.0,0.0,4880.0,3258915.0,480600.0,33031461.0,1137199.0,303359.0,0.0,0.0,20560.0,696360.0,27200.0
2026-03-07T01:00:00+01:00,12120.0,12080.0,3880.0,12040.0,8000.0,0.0,0.0,12080.0,12040.0,12080.0,11960.0,11720.0,4600.0,0.0,0.0,12000.0,4200.0,3040.0,3040.0,3880.0,3040.0,3240.0,0.0,0.0,3040.0,3040.0,3040.0,3080.0,3240.0,4600.0,0.0,0.0,4200.0,4200.0,4188476.0,1321519.0,3880.0,10474544.0,53760.0,0.0,0.0,2010956.0,3139674.0,21336812.0,680000.0,47400.0,4600.0,0.0,0.0,122760.0,4200.0
2026-03-08T01:00:00+01:00,11880.0,11920.0,6000.0,12000.0,8000.0,0.0,0.0,12000.0,11960.0,12000.0,11960.0,11880.0,0.0,0.0,0.0,11440.0,6080.0,3040.0,3040.0,3800.0,3040.0,3120.0,0.0,0.0,3040.0,3040.0,3040.0,3040.0,3120.0,0.0,0.0,0.0,3040.0,6080.0,1606397.0,1630440.0,29560.0,15567416.0,175600.0,0.0,0.0,870759.0,2294835.0,16867648.0,337400.0,871279.0,0.0,0.0,0.0,589600.0,6080.0
2026-03-09T01:00:00+01:00,11720.0,11800.0,8680.0,11800.0,7600.0,0.0,0.0,11840.0,11760.0,11840.0,11720.0,11080.0,8480.0,0.0,0.0,11840.0,10320.0,3040.0,3040.0,3320.0,3040.0,3440.0,0.0,0.0,3040.0,3080.0,3040.0,3040.0,3040.0,3120.0,0.0,0.0,3040.0,3760.0,2698317.0,1696638.0,99440.0,10378488.0,73600.0,0.0,0.0,799159.0,332399.0,21106645.0,1287518.0,1742273.0,19680.0,0.0,0.0,576840.0,65520.0
2026-03-10T01:00:00+01:00,11600.0,11640.0,10000.0,11680.0,6160.0,0.0,0.0,10240.0,11640.0,11720.0,10680.0,11360.0,0.0,0.0,0.0,11360.0,11600.0,3040.0,3040.0,3120.0,3040.0,3200.0,0.0,0.0,3160.0,3040.0,3040.0,3040.0,3040.0,0.0,0.0,0.0,3080.0,3560.0,2721396.0,1200639.0,197320.0,9519622.0,27680.0,0.0,0.0,249119.0,968200.0,26023958.0,450198.0,1473072.0,0.0,0.0,0.0,415839.0,80360.0
2026-03-11T01:00:00+01:00,11520.0,11480.0,8000.0,11600.0,10840.0,0.0,0.0,11480.0,11440.0,11600.0,11560.0,11480.0,4000.0,0.0,0.0,10480.0,10920.0,3040.0,3040.0,3600.0,3040.0,3040.0,0.0,0.0,3040.0,3040.0,3040.0,3080.0,3040.0,4000.0,0.0,0.0,3360.0,3400.0,2298238.0,944519.0,29560.0,9669222.0,765360.0,0.0,0.0,737719.0,1301040.0,19713734.0,319039.0,908800.0,4000.0,0.0,0.0,370800.0,27320.0
2026-03-12T01:00:00+01:00,11440.0,11320.0,3720.0,11520.0,10000.0,0.0,0.0,11400.0,11440.0,11520.0,11440.0,8920.0,0.0,0.0,0.0,11320.0,8520.0,3040.0,3040.0,3720.0,3040.0,3120.0,0.0,0.0,3040.0,3040.0,3040.0,3040.0,3040.0,0.0,0.0,0.0,3200.0,5240.0,3176518.0,1092960.0,3720.0,9151224.0,58760.0,0.0,0.0,1253879.0,3574878.0,22525927.0,1148438.0,57920.0,0.0,0.0,0.0,786675.0,20760.0
2026-03-13T01:00:00+01:00,11200.0,11040.0,7520.0,11320.0,10680.0,0.0,0.0,11280.0,11240.0,11360.0,11080.0,10400.0,10000.0,0.0,0.0,11160.0,10440.0,3040.0,3040.0,4240.0,3040.0,3040.0,0.0,0.0,3040.0,3040.0,3040.0,3040.0,3080.0,4440.0,0.0,0.0,3040.0,3240.0,1423999.0,1371236.0,22960.0,11453340.0,782840.0,0.0,0.0,778040.0,6095309.0,23456171.0,397559.0,66800.0,28800.0,0.0,0.0,386840.0,33440.0
2026-03-14T01:00:00+01:00,10960.0,10920.0,10040.0,11200.0,9800.0,0.0,0.0,11200.0,11240.0,11280.0,11240.0,8240.0,0.0,0.0,0.0,11280.0,8000.0,3040.0,3040.0,3240.0,3040.0,3280.0,0.0,0.0,3040.0,3040.0,3040.0,3080.0,3680.0,0.0,0.0,0.0,3040.0,3600.0,1935038.0,1179555.0,95280.0,6918197.0,80000.0,0.0,0.0,1090838.0,4728992.0,21981514.0,606639.0,34560.0,0.0,0.0,0.0,1294676.0,24680.0
2026-03-15T01:00:00+01:00,11000.0,11120.0,0.0,11120.0,10760.0,0.0,0.0,10800.0,11040.0,11160.0,10440.0,10000.0,8000.0,0.0,0.0,10560.0,10720.0,3040.0,3040.0,0.0,3040.0,3640.0,0.0,0.0,3080.0,3040.0,3040.0,3040.0,3040.0,8000.0,0.0,0.0,3040.0,3280.0,2613553.0,491839.0,0.0,6209747.0,71000.0,0.0,0.0,624958.0,3835953.0,18342687.0,411800.0,229720.0,8000.0,0.0,0.0,1019878.0,21400.0
2026-03-16T01:00:00+01:00,11040.0,10320.0,3840.0,11040.0,10160.0,0.0,0.0,11040.0,10760.0,11080.0,11040.0,9680.0,0.0,0.0,0.0,11040.0,6120.0,3040.0,3040.0,3200.0,3040.0,3040.0,0.0,0.0,3040.0,3040.0,3040.0,3080.0,3120.0,0.0,0.0,0.0,3040.0,4000.0,628195.0,1107319.0,10640.0,10148409.0,717520.0,0.0,0.0,1167120.0,3679275.0,17371236.0,547839.0,38200.0,0.0,0.0,0.0,720197.0,15600.0
2026-03-17T01:00:00+01:00,10960.0,10440.0,9960.0,10960.0,9960.0,0.0,8000.0,11000.0,10960.0,11000.0,10920.0,6400.0,6720.0,7960.0,0.0,11000.0,4200.0,3040.0,3040.0,3080.0,3040.0,3240.0,0.0,6560.0,3040.0,3040.0,3040.0,3040.0,3080.0,6720.0,3920.0,0.0,3040.0,3200.0,410039.0,1013598.0,175639.0,8355714.0,52280.0,0.0,14560.0,2566633.0,3743716.0,17192328.0,490039.0,35200.0,6720.0,59760.0,0.0,1821517.0,14600.0
2026-03-18T01:00:00+01:00,10840.0,10680.0,10640.0,10880.0,10000.0,0.0,0.0,10840.0,10920.0,10880.0,10760.0,10000.0,10280.0,0.0,0.0,10800.0,4360.0,3040.0,3040.0,8200.0,3040.0,3080.0,0.0,0.0,3040.0,3040.0,3040.0,3040.0,3520.0,3280.0,0.0,0.0,3040.0,3600.0,656397.0,1782037.0,18840.0,8033992.0,341120.0,0.0,0.0,1039880.0,2351917.0,19635173.0,927117.0,161919.0,36279.0,0.0,0.0,1141557.0,15360.0
2026-03-19T01:00:00+01:00,10640.0,10720.0,9960.0,10840.0,10200.0,0.0,0.0,10160.0,10720.0,10840.0,10640.0,10000.0,0.0,0.0,0.0,10320.0,8640.0,3040.0,3040.0,5720.0,3040.0,3320.0,0.0,0.0,3080.0,3040.0,3040.0,3040.0,3120.0,0.0,0.0,0.0,3040.0,8200.0,1322038.0,2535435.0,21560.0,11798643.0,256600.0,0.0,0.0,504880.0,3316555.0,17336840.0,897036.0,117560.0,0.0,0.0,0.0,924555.0,16840.0
2026-03-20T01:00:00+01:00,10680.0,10440.0,10720.0,10760.0,10560.0,0.0,3040.0,10680.0,10720.0,10760.0,10640.0,10240.0,6720.0,0.0,0.0,10560.0,7440.0,3040.0,3040.0,3560.0,3040.0,3040.0,0.0,3040.0,3040.0,3040.0,3040.0,3040.0,3120.0,3040.0,0.0,0.0,3040.0,3120.0,1391799.0,1876318.0,301680.0,7433631.0,796359.0,0.0,3040.0,1452838.0,1753036.0,28852231.0,1421797.0,57400.0,19800.0,0.0,0.0,877358.0,41400.0
2026-03-21T01:00:00+01:00,10600.0,10600.0,8000.0,10640.0,8560.0,0.0,0.0,10320.0,10560.0,10680.0,10640.0,7160.0,3920.0,0.0,0.0,9840.0,10000.0,3040.0,3040.0,3280.0,3040.0,3320.0,0.0,0.0,3040.0,3040.0,3040.0,3040.0,3080.0,3160.0,0.0,0.0,3560.0,3400.0,1330476.0,2936598.0,15160.0,5195468.0,109000.0,0.0,0.0,849480.0,3975109.0,18738971.0,1009433.0,45480.0,7080.0,0.0,0.0,121159.0,74880.0
2026-03-22T01:00:00+01:00,10560.0,10040.0,4760.0,10560.0,6440.0,0.0,0.0,10440.0,10600.0,10600.0,10520.0,6360.0,6040.0,8240.0,0.0,10280.0,9560.0,3040.0,3040.0,3320.0,3040.0,4000.0,0.0,0.0,3040.0,3040.0,3040.0,3040.0,3240.0,6040.0,3840.0,0.0,3080.0,3240.0,1381637.0,1076398.0,8080.0,6586910.0,19520.0,0.0,0.0,821318.0,769039.0,17485577.0,975357.0,20520.0,6040.0,41560.0,0.0,345720.0,60280.0
2026-03-23T01:00:00+01:00,10520.0,10320.0,7480.0,10240.0,5880.0,0.0,0.0,10480.0,10360.0,10560.0,10120.0,9200.0,3280.0,0.0,0.0,10520.0,7400.0,3040.0,3040.0,3320.0,3040.0,3240.0,0.0,0.0,3080.0,3040.0,3040.0,3040.0,3640.0,3280.0,0.0,0.0,3120.0,3680.0,876479.0,1465678.0,64760.0,3681991.0,89920.0,0.0,0.0,1352800.0,2700156.0,19652190.0,700877.0,63800.0,3280.0,0.0,0.0,325280.0,22200.0
2026-03-24T01:00:00+01:00,10080.0,10480.0,6000.0,10480.0,10240.0,0.0,0.0,9680.0,10440.0,10480.0,10360.0,10400.0,0.0,0.0,0.0,10000.0,7520.0,3040.0,3040.0,3320.0,3040.0,3120.0,0.0,0.0,3240.0,3040.0,3040.0,3040.0,3040.0,0.0,0.0,0.0,3080.0,3640.0,1325040.0,1678314.0,13840.0,5760306.0,242720.0,0.0,0.0,195398.0,11118487.0,13312771.0,956837.0,389239.0,0.0,0.0,0.0,406120.0,17080.0
2026-03-25T01:00:00+01:00,10240.0,10160.0,7600.0,10440.0,10280.0,0.0,5680.0,10240.0,10360.0,10440.0,10200.0,4320.0,0.0,0.0,0.0,10080.0,6520.0,3040.0,3040.0,4360.0,3040.0,3080.0,0.0,5680.0,3040.0,3040.0,3040.0,3080.0,3160.0,0.0,0.0,0.0,3080.0,6520.0,1431999.0,1137159.0,23240.0,11072302.0,671440.0,0.0,5680.0,1129638.0,8392414.0,13370776.0,312119.0,18640.0,0.0,0.0,0.0,492239.0,6520.0
2026-03-26T01:00:00+01:00,10120.0,10240.0,4160.0,10360.0,10040.0,0.0,0.0,10280.0,10200.0,10360.0,10200.0,10000.0,0.0,5280.0,0.0,10240.0,8680.0,3040.0,3040.0,4160.0,3040.0,3040.0,0.0,0.0,3040.0,3040.0,3040.0,3040.0,3600.0,0.0,3120.0,0.0,3040.0,3880.0,4569348.0,1249159.0,4160.0,15561164.0,997999.0,0.0,0.0,1910173.0,2260476.0,14911856.0,641440.0,59040.0,0.0,15840.0,0.0,1210953.0,32960.0
2026-03-27T01:00:00+01:00,10160.0,10280.0,10000.0,10280.0,10000.0,0.0,8039.0,10240.0,10280.0,10280.0,10040.0,9280.0,0.0,8600.0,0.0,10120.0,10040.0,3040.0,3040.0,4720.0,3040.0,3040.0,0.0,8039.0,3040.0,3040.0,3040.0,3040.0,3440.0,0.0,8600.0,0.0,3040.0,3080.0,3703637.0,1045079.0,14720.0,14681419.0,157560.0,0.0,8039.0,1569039.0,4778834.0,19816483.0,800718.0,92039.0,0.0,8600.0,0.0,809879.0,112039.0
2026-03-28T01:00:00+01:00,10120.0,10000.0,0.0,10160.0,10000.0,0.0,0.0,10160.0,10200.0,10200.0,10120.0,9480.0,0.0,0.0,0.0,10000.0,9760.0,3040.0,3040.0,0.0,3040.0,3200.0,0.0,0.0,3040.0,3040.0,3040.0,3040.0,3080.0,0.0,0.0,0.0,3240.0,9760.0,2655113.0,857360.0,0.0,15028891.0,247520.0,0.0,0.0,3112637.0,2036793.0,19801685.0,673319.0,60280.0,0.0,0.0,0.0,488160.0,9760.0
2026-03-29T01:00:00+01:00,10120.0,10080.0,0.0,10120.0,10000.0,0.0,0.0,10000.0,10040.0,10160.0,10000.0,8520.0,0.0,0.0,0.0,10040.0,0.0,3040.0,3040.0,0.0,3040.0,3120.0,0.0,0.0,3040.0,3040.0,3040.0,3040.0,3560.0,0.0,0.0,0.0,3040.0,0.0,2737233.0,537240.0,0.0,14175690.0,136920.0,0.0,0.0,439960.0,2588676.0,12414563.0,425440.0,83560.0,0.0,0.0,0.0,907356.0,0.0
2026-03-30T02:00:00+02:00,10040.0,10040.0,0.0,10080.0,10040.0,0.0,7560.0,10040.0,10000.0,10080.0,9960.0,8000.0,0.0,0.0,0.0,10040.0,5440.0,3040.0,3040.0,0.0,3040.0,3160.0,0.0,3920.0,3040.0,3080.0,3040.0,3080.0,3080.0,0.0,0.0,0.0,3040.0,5440.0,2305597.0,765479.0,0.0,13439333.0,186079.0,0.0,21640.0,864717.0,1059677.0,16431974.0,501960.0,44240.0,0.0,0.0,0.0,995838.0,5440.0
2026-03-31T02:00:00+02:00,10000.0,10000.0,0.0,10040.0,8400.0,0.0,9560.0,10000.0,10040.0,10040.0,10000.0,8960.0,0.0,0.0,0.0,10040.0,9480.0,3040.0,3040.0,0.0,3040.0,3080.0,0.0,3240.0,3120.0,3040.0,3040.0,3040.0,4160.0,0.0,0.0,0.0,3040.0,4000.0,2478757.0,982359.0,0.0,13491525.0,82800.0,0.0,37480.0,628756.0,2631313.0,20197793.0,760078.0,35960.0,0.0,0.0,0.0,684198.0,69519.0
2026-04-01T02:00:00+02:00,10000.0,9880.0,0.0,10000.0,8240.0,0.0,0.0,9600.0,10000.0,10000.0,10000.0,9880.0,0.0,0.0,0.0,9960.0,9160.0,3040.0,3040.0,0.0,3040.0,3040.0,0.0,0.0,3520.0,3040.0,3040.0,3040.0,3080.0,0.0,0.0,0.0,3040.0,3280.0,2946516.0,813958.0,0.0,12650930.0,242680.0,0.0,0.0,133000.0,6120503.0,15340012.0,1186838.0,172320.0,0.0,0.0,0.0,453999.0,43320.0
2026-04-02T02:00:00+02:00,9800.0,9880.0,0.0,9920.0,7880.0,0.0,0.0,5480.0,9920.0,9920.0,9920.0,9680.0,0.0,0.0,0.0,7240.0,7880.0,3040.0,3040.0,0.0,3040.0,3280.0,0.0,0.0,3200.0,3040.0,3040.0,3040.0,3040.0,0.0,0.0,0.0,3280.0,3600.0,1405119.0,570398.0,0.0,15282313.0,50600.0,0.0,0.0,56120.0,7893138.0,14054646.0,1634037.0,704198.0,0.0,0.0,0.0,92480.0,29400.0
2026-04-03T02:00:00+02:00,9840.0,9600.0,0.0,9880.0,7920.0,0.0,0.0,8200.0,9840.0,9880.0,9760.0,8840.0,0.0,0.0,0.0,9720.0,7040.0,3040.0,3040.0,0.0,3040.0,3160.0,0.0,0.0,3240.0,3040.0,3040.0,3040.0,3080.0,0.0,0.0,0.0,3040.0,3040.0,1517237.0,381800.0,0.0,9987255.0,44520.0,0.0,0.0,114960.0,5112553.0,17345574.0,1377840.0,332760.0,0.0,0.0,0.0,178080.0,47760.0
2026-04-04T02:00:00+02:00,9840.0,9640.0,3960.0,9800.0,8480.0,0.0,0.0,9680.0,9720.0,9840.0,9760.0,9080.0,0.0,0.0,0.0,9680.0,9600.0,3040.0,3040.0,3960.0,3040.0,3120.0,0.0,0.0,3040.0,3040.0,3040.0,3040.0,3040.0,0.0,0.0,0.0,3280.0,3240.0,3459950.0,675400.0,3960.0,7076187.0,115080.0,0.0,0.0,1043119.0,2429756.0,19516405.0,1029476.0,294120.0,0.0,0.0,0.0,374519.0,123920.0
2026-04-05T02:00:00+02:00,9680.0,9640.0,8320.0,9760.0,9320.0,0.0,0.0,9720.0,9720.0,9760.0,9640.0,9560.0,0.0,0.0,0.0,9560.0,8640.0,3040.0,3200.0,5280.0,3040.0,3040.0,0.0,0.0,3040.0,3040.0,3040.0,3040.0,3040.0,0.0,0.0,0.0,3040.0,7800.0,4458155.0,638200.0,13600.0,12186655.0,371360.0,0.0,0.0,198040.0,802598.0,14568567.0,849878.0,761999.0,0.0,0.0,0.0,553880.0,16440.0
2026-04-06T02:00:00+02:00,9720.0,9680.0,0.0,9720.0,9720.0,0.0,0.0,8600.0,9680.0,9680.0,9680.0,8360.0,0.0,0.0,0.0,8360.0,7760.0,3040.0,3040.0,0.0,3040.0,3040.0,0.0,0.0,4000.0,3040.0,3040.0,3040.0,3080.0,0.0,0.0,0.0,3400.0,3160.0,7462906.0,688598.0,0.0,12195697.0,2083516.0,0.0,0.0,49400.0,3468316.0,12872898.0,550920.0,42080.0,0.0,0.0,0.0,131999.0,44280.0
2026-04-07T02:00:00+02:00,9640.0,9600.0,3680.0,9640.0,8600.0,0.0,0.0,9560.0,9640.0,9640.0,9640.0,8000.0,0.0,0.0,0.0,9280.0,7560.0,3040.0,3120.0,3680.0,3040.0,3040.0,0.0,0.0,3040.0,3040.0,3040.0,3040.0,3680.0,0.0,0.0,0.0,3040.0,3520.0,5059149.0,798639.0,3680.0,9271537.0,404039.0,0.0,0.0,266680.0,2351235.0,20889295.0,1349316.0,54720.0,0.0,0.0,0.0,656399.0,37840.0
2026-04-08T02:00:00+02:00,9400.0,9440.0,4520.0,9600.0,8600.0,0.0,0.0,9440.0,9520.0,9600.0,9440.0,8920.0,7040.0,0.0,0.0,9600.0,7160.0,3040.0,3040.0,4520.0,3040.0,3040.0,0.0,0.0,3040.0,3040.0,3040.0,3040.0,4000.0,3120.0,0.0,0.0,3080.0,3360.0,1335398.0,1446755.0,4520.0,8769059.0,330357.0,0.0,0.0,673118.0,2988275.0,18106155.0,1122679.0,39920.0,27560.0,0.0,0.0,1034958.0,64840.0
2026-04-09T02:00:00+02:00,9440.0,9520.0,9040.0,9520.0,8600.0,0.0,0.0,9560.0,9560.0,9560.0,9520.0,8039.0,7280.0,0.0,0.0,8960.0,9440.0,3040.0,3040.0,3920.0,3040.0,3080.0,0.0,0.0,3040.0,3040.0,3040.0,3040.0,3280.0,3800.0,0.0,0.0,3080.0,3120.0,950519.0,995437.0,32040.0,15394513.0,402838.0,0.0,0.0,964480.0,5725587.0,16891569.0,738478.0,45759.0,27560.0,0.0,0.0,440640.0,45760.0
2026-04-10T02:00:00+02:00,9440.0,9360.0,8600.0,9480.0,9480.0,0.0,0.0,9480.0,9480.0,9520.0,9280.0,3440.0,4960.0,0.0,0.0,9400.0,5880.0,3040.0,3040.0,3960.0,3040.0,3040.0,0.0,0.0,3040.0,3040.0,3040.0,3200.0,3040.0,3880.0,0.0,0.0,3120.0,3760.0,883239.0,496199.0,19400.0,17243714.0,523678.0,0.0,0.0,1095918.0,2600308.0,15650836.0,264800.0,6480.0,8840.0,0.0,0.0,302840.0,9640.0
2026-04-11T02:00:00+02:00,9240.0,9400.0,4000.0,9440.0,7960.0,4040.0,0.0,9280.0,9440.0,9480.0,9440.0,9240.0,0.0,0.0,0.0,9360.0,9080.0,3040.0,3040.0,3160.0,3040.0,3240.0,4040.0,0.0,3040.0,3040.0,3040.0,3040.0,3240.0,0.0,0.0,0.0,3040.0,3200.0,898398.0,701038.0,10680.0,15132167.0,112960.0,4040.0,0.0,573440.0,3883431.0,20394685.0,1007997.0,46760.0,0.0,0.0,0.0,822519.0,152600.0
2026-04-12T02:00:00+02:00,9280.0,9320.0,9240.0,9360.0,9320.0,0.0,0.0,7640.0,9400.0,9440.0,9240.0,9200.0,0.0,0.0,0.0,9400.0,6800.0,3040.0,3040.0,6320.0,3040.0,3040.0,0.0,0.0,3120.0,3040.0,3040.0,3040.0,3080.0,0.0,0.0,0.0,3040.0,6800.0,450080.0,538879.0,30960.0,9267452.0,994277.0,0.0,0.0,142160.0,9063687.0,13580095.0,334280.0,134880.0,0.0,0.0,0.0,657879.0,6800.0
2026-04-13T02:00:00+02:00,8840.0,9360.0,6440.0,9320.0,9320.0,0.0,0.0,9040.0,9400.0,9400.0,9360.0,8080.0,0.0,0.0,0.0,9040.0,8920.0,3040.0,3040.0,6440.0,3040.0,3040.0,0.0,0.0,3160.0,3040.0,3040.0,3160.0,3040.0,0.0,0.0,0.0,3040.0,3320.0,630720.0,601919.0,6440.0,8988139.0,3205909.0,0.0,0.0,943839.0,9363612.0,10174661.0,279319.0,157360.0,0.0,0.0,0.0,616756.0,65160.0
2026-04-14T02:00:00+02:00,8160.0,9160.0,8760.0,9320.0,9320.0,0.0,0.0,9080.0,9240.0,9320.0,8920.0,6840.0,0.0,0.0,0.0,9240.0,7920.0,3040.0,3040.0,4560.0,3040.0,3040.0,0.0,0.0,3080.0,3040.0,3040.0,3040.0,3120.0,0.0,0.0,0.0,3040.0,7920.0,593920.0,480840.0,17960.0,10853047.0,3283148.0,0.0,0.0,290680.0,5720424.0,16211941.0,456720.0,36680.0,0.0,0.0,0.0,2103395.0,7920.0
2026-04-15T02:00:00+02:00,9040.0,9280.0,0.0,9280.0,9280.0,0.0,0.0,9280.0,9280.0,9280.0,9200.0,9240.0,0.0,0.0,0.0,9240.0,7480.0,3040.0,3040.0,0.0,3040.0,3040.0,0.0,0.0,3040.0,3040.0,3040.0,3280.0,3200.0,0.0,0.0,0.0,3040.0,3200.0,431840.0,649520.0,0.0,10613716.0,1806076.0,0.0,0.0,778000.0,9100664.0,15137752.0,305399.0,202399.0,0.0,0.0,0.0,1331955.0,22040.0
2026-04-16T02:00:00+02:00,9160.0,9200.0,8800.0,9240.0,9120.0,0.0,0.0,9240.0,9240.0,9240.0,9120.0,8000.0,7600.0,8119.0,8000.0,9120.0,8960.0,3040.0,3040.0,3040.0,3040.0,3080.0,0.0,0.0,3040.0,3040.0,3040.0,3040.0,3040.0,4560.0,8119.0,6000.0,3080.0,3520.0,1103399.0,860999.0,381440.0,11432376.0,1346758.0,0.0,0.0,1367115.0,6780748.0,21340648.0,929118.0,253120.0,12160.0,8119.0,28040.0,303760.0,77280.0
2026-04-17T02:00:00+02:00,9080.0,9000.0,9000.0,9200.0,8720.0,0.0,0.0,9120.0,9160.0,9200.0,9160.0,4800.0,9120.0,0.0,7000.0,6080.0,0.0,3040.0,3040.0,3040.0,3040.0,3040.0,0.0,0.0,3040.0,3040.0,3040.0,3080.0,3040.0,5440.0,0.0,3360.0,3840.0,0.0,495198.0,694080.0,1004557.0,20832004.0,698840.0,0.0,0.0,4002907.0,2755715.0,28019501.0,583998.0,23440.0,14560.0,0.0,53000.0,28760.0,0.0
2026-04-18T02:00:00+02:00,9040.0,9080.0,9120.0,9120.0,9080.0,0.0,8039.0,8960.0,8960.0,9120.0,9000.0,8840.0,0.0,0.0,9160.0,8880.0,8640.0,3040.0,3040.0,3040.0,3040.0,3240.0,0.0,5560.0,3040.0,3040.0,3040.0,3080.0,3080.0,0.0,0.0,3040.0,3120.0,3320.0,1876278.0,616558.0,457080.0,15042579.0,328359.0,0.0,13599.0,2184078.0,2933755.0,20710720.0,539640.0,64280.0,0.0,0.0,195480.0,226159.0,11960.0
2026-04-19T02:00:00+02:00,9080.0,8880.0,0.0,9040.0,8760.0,0.0,0.0,8039.0,9080.0,9080.0,8720.0,9080.0,0.0,0.0,0.0,8480.0,8000.0,3040.0,3240.0,0.0,3040.0,3080.0,0.0,0.0,3240.0,3040.0,3040.0,3120.0,3040.0,0.0,0.0,0.0,3040.0,3160.0,3497150.0,398520.0,0.0,7681889.0,290360.0,0.0,0.0,189838.0,8302690.0,14900680.0,423959.0,270160.0,0.0,0.0,0.0,299719.0,56840.0
2026-04-20T02:00:00+02:00,9040.0,9040.0,4640.0,9040.0,8000.0,0.0,0.0,8920.0,9000.0,9080.0,9040.0,8720.0,3600.0,0.0,0.0,8480.0,8039.0,3040.0,3040.0,4640.0,3040.0,3920.0,0.0,0.0,3040.0,3040.0,3040.0,3040.0,3040.0,3600.0,0.0,0.0,3080.0,4000.0,4421475.0,985435.0,4640.0,8169853.0,27280.0,0.0,0.0,428479.0,6573703.0,17672971.0,890439.0,442640.0,3600.0,0.0,0.0,311880.0,42399.0
2026-04-21T02:00:00+02:00,9040.0,9000.0,5400.0,9000.0,8440.0,0.0,0.0,8960.0,9040.0,9040.0,9040.0,8640.0,0.0,0.0,0.0,8880.0,8440.0,3040.0,3040.0,3920.0,3040.0,3080.0,0.0,0.0,3040.0,3040.0,3040.0,3040.0,3080.0,0.0,0.0,0.0,3080.0,3040.0,1252479.0,1170437.0,9320.0,7408742.0,216400.0,0.0,0.0,440719.0,5992506.0,16902964.0,1372795.0,269000.0,0.0,0.0,0.0,610638.0,105920.0
2026-04-22T02:00:00+02:00,8960.0,8920.0,3120.0,9000.0,8960.0,0.0,0.0,8600.0,9000.0,9000.0,8960.0,8680.0,0.0,0.0,0.0,9000.0,8800.0,3040.0,3040.0,3120.0,3040.0,3160.0,0.0,0.0,3040.0,3040.0,3040.0,3040.0,3120.0,0.0,0.0,0.0,3040.0,3200.0,659279.0,1176600.0,3120.0,7896173.0,311479.0,0.0,0.0,538799.0,4584990.0,19824006.0,1576834.0,80240.0,0.0,0.0,0.0,794359.0,214080.0
2026-04-23T02:00:00+02:00,8920.0,8680.0,0.0,8960.0,0.0,0.0,0.0,8960.0,8960.0,8960.0,8840.0,8080.0,8240.0,0.0,0.0,8840.0,8320.0,3040.0,3040.0,0.0,3040.0,0.0,0.0,0.0,3120.0,3040.0,3040.0,3040.0,3120.0,4040.0,0.0,0.0,3200.0,3080.0,879000.0,1263955.0,0.0,9923180.0,0.0,0.0,0.0,266080.0,7113790.0,20799837.0,1004038.0,215760.0,35920.0,0.0,0.0,577920.0,166560.0
2026-04-24T02:00:00+02:00,8880.0,8880.0,4720.0,8920.0,8640.0,0.0,3240.0,8880.0,8920.0,8920.0,8920.0,8000.0,8680.0,0.0,0.0,8840.0,8560.0,3080.0,3040.0,4720.0,3040.0,3040.0,0.0,3080.0,3040.0,3040.0,3040.0,3040.0,3160.0,3600.0,0.0,0.0,3040.0,3040.0,451280.0,1227398.0,4720.0,7424865.0,509959.0,0.0,6320.0,1175233.0,6158627.0,26173108.0,825639.0,107920.0,71760.0,0.0,0.0,784958.0,192920.0
2026-04-25T02:00:00+02:00,8840.0,8840.0,3320.0,8920.0,8400.0,0.0,0.0,8880.0,8880.0,8880.0,8720.0,6000.0,0.0,5360.0,0.0,8039.0,6760.0,3040.0,3040.0,3320.0,3040.0,3120.0,0.0,0.0,3040.0,3040.0,3040.0,3120.0,3440.0,0.0,5360.0,0.0,3040.0,3160.0,1335119.0,564840.0,3320.0,9778880.0,176800.0,0.0,0.0,1576278.0,8391840.0,18696675.0,418039.0,39360.0,0.0,5360.0,0.0,579717.0,31240.0
2026-04-26T02:00:00+02:00,8320.0,8760.0,0.0,8880.0,6000.0,0.0,0.0,8840.0,8800.0,8880.0,8840.0,8000.0,0.0,0.0,0.0,8640.0,8039.0,3040.0,3040.0,0.0,3040.0,3640.0,0.0,0.0,3080.0,3040.0,3040.0,3040.0,3200.0,0.0,0.0,0.0,3080.0,3280.0,1271678.0,829438.0,0.0,10455928.0,18160.0,0.0,0.0,775997.0,4783547.0,14730767.0,906679.0,253000.0,0.0,0.0,0.0,545478.0,74239.0
2026-04-27T02:00:00+02:00,8800.0,8840.0,8440.0,8840.0,6840.0,0.0,0.0,8720.0,8840.0,8840.0,8840.0,7360.0,0.0,0.0,0.0,8640.0,5840.0,3120.0,3040.0,3120.0,3040.0,3040.0,0.0,0.0,3040.0,3040.0,3040.0,3040.0,3200.0,0.0,0.0,0.0,3040.0,3440.0,351279.0,595320.0,36960.0,7049628.0,48760.0,0.0,0.0,846199.0,10015539.0,12526657.0,525759.0,64960.0,0.0,0.0,0.0,893317.0,25360.0
2026-04-28T02:00:00+02:00,8800.0,8640.0,0.0,8800.0,8000.0,3840.0,0.0,8480.0,8800.0,8800.0,8720.0,8039.0,0.0,0.0,0.0,8680.0,5120.0,3040.0,3040.0,0.0,3040.0,3040.0,3840.0,0.0,3040.0,3040.0,3040.0,3040.0,3040.0,0.0,0.0,0.0,3040.0,3200.0,441080.0,1061958.0,0.0,8627290.0,135760.0,3840.0,0.0,531439.0,7174527.0,17036553.0,673160.0,140639.0,0.0,0.0,0.0,855317.0,21120.0
2026-04-29T02:00:00+02:00,8640.0,8640.0,8520.0,8800.0,8119.0,0.0,0.0,8800.0,8680.0,8800.0,8720.0,8000.0,4000.0,0.0,0.0,8640.0,8760.0,3040.0,3040.0,3840.0,3040.0,3240.0,0.0,0.0,3040.0,3040.0,3040.0,3040.0,3200.0,3440.0,0.0,0.0,3040.0,3520.0,773679.0,900039.0,12360.0,7235699.0,332879.0,0.0,0.0,715198.0,3858635.0,18578310.0,1107558.0,304200.0,7440.0,0.0,0.0,1121519.0,79960.0
2026-04-30T02:00:00+02:00,8039.0,8640.0,0.0,8720.0,8080.0,0.0,0.0,8720.0,8760.0,8760.0,8760.0,8560.0,8640.0,0.0,0.0,8520.0,8400.0,3040.0,3040.0,0.0,3040.0,3040.0,0.0,0.0,3040.0,3040.0,3040.0,3040.0,3120.0,3040.0,0.0,0.0,3080.0,3200.0,324999.0,1374479.0,0.0,6982785.0,255520.0,0.0,0.0,474959.0,4814071.0,21397185.0,1327276.0,141399.0,102960.0,0.0,0.0,853079.0,173320.0
2026-05-01T02:00:00+02:00,8640.0,8680.0,8440.0,8680.0,8039.0,0.0,0.0,8720.0,8720.0,8720.0,8680.0,8000.0,3440.0,0.0,0.0,8480.0,8080.0,3040.0,3040.0,3400.0,3040.0,3160.0,0.0,0.0,3040.0,3040.0,3040.0,3040.0,3080.0,3440.0,0.0,0.0,3040.0,3040.0,560760.0,1137876.0,156840.0,7276428.0,759879.0,0.0,0.0,1346676.0,6802548.0,32366972.0,1006400.0,265800.0,6880.0,0.0,0.0,425478.0,109440.0
2026-05-02T02:00:00+02:00,8600.0,8680.0,3600.0,8680.0,8160.0,0.0,0.0,8600.0,8680.0,8720.0,8680.0,8200.0,0.0,0.0,0.0,8680.0,8280.0,3040.0,3040.0,3560.0,3040.0,3400.0,0.0,0.0,3040.0,3040.0,3040.0,3040.0,3040.0,0.0,0.0,0.0,3080.0,3040.0,1132398.0,713600.0,7160.0,6078750.0,23160.0,0.0,0.0,1462159.0,4636230.0,24936226.0,1110757.0,402399.0,0.0,0.0,0.0,1355437.0,160159.0
2026-05-03T02:00:00+02:00,8560.0,8560.0,0.0,8640.0,7480.0,0.0,0.0,8680.0,8640.0,8680.0,8640.0,8680.0,0.0,0.0,0.0,8640.0,8440.0,3040.0,3120.0,0.0,3040.0,3880.0,0.0,0.0,3080.0,3040.0,3040.0,3040.0,3080.0,0.0,0.0,0.0,3040.0,3080.0,1484836.0,729277.0,0.0,11359717.0,16920.0,0.0,0.0,566678.0,8524476.0,15056911.0,409077.0,406280.0,0.0,0.0,0.0,2162594.0,102280.0
2026-05-04T02:00:00+02:00,8240.0,8640.0,0.0,8640.0,3920.0,0.0,0.0,8600.0,8640.0,8640.0,8480.0,8000.0,0.0,0.0,0.0,8640.0,8000.0,3040.0,3040.0,0.0,3040.0,3360.0,0.0,0.0,3040.0,3040.0,3040.0,3040.0,3200.0,0.0,0.0,0.0,3040.0,4200.0,1868398.0,827519.0,0.0,13855814.0,7280.0,0.0,0.0,501837.0,2358548.0,13388811.0,489600.0,211240.0,0.0,0.0,0.0,2025195.0,34360.0
2026-05-05T02:00:00+02:00,8600.0,8240.0,0.0,8600.0,7560.0,0.0,0.0,8600.0,8600.0,8600.0,8600.0,8000.0,8400.0,0.0,0.0,8560.0,8600.0,3040.0,3080.0,0.0,3040.0,3040.0,0.0,0.0,3120.0,3040.0,3040.0,3040.0,3200.0,3240.0,0.0,0.0,3040.0,3720.0,1560236.0,692038.0,0.0,16829277.0,123720.0,0.0,0.0,193640.0,3764696.0,12870173.0,578999.0,139240.0,60800.0,0.0,0.0,740839.0,42640.0
2026-05-06T02:00:00+02:00,8320.0,8360.0,0.0,8600.0,7960.0,0.0,0.0,8600.0,8560.0,8600.0,8600.0,6200.0,5720.0,0.0,0.0,8320.0,7080.0,3040.0,3040.0,0.0,3040.0,3280.0,0.0,0.0,3040.0,3040.0,3040.0,3040.0,3960.0,4480.0,0.0,0.0,3120.0,3160.0,1161998.0,696759.0,0.0,13067858.0,101760.0,0.0,0.0,813397.0,3209153.0,18026354.0,814919.0,40120.0,10200.0,0.0,0.0,436720.0,50480.0
2026-05-07T02:00:00+02:00,8560.0,8360.0,0.0,8560.0,8240.0,0.0,0.0,8480.0,8560.0,8560.0,8520.0,6840.0,0.0,0.0,0.0,8440.0,8240.0,3040.0,3040.0,0.0,3040.0,3040.0,0.0,0.0,3080.0,3040.0,3040.0,3040.0,3080.0,0.0,0.0,0.0,3840.0,3800.0,1687800.0,767797.0,0.0,13733897.0,652357.0,0.0,0.0,659399.0,4394512.0,21003916.0,1087917.0,77520.0,0.0,0.0,0.0,159959.0,84320.0
2026-05-08T02:00:00+02:00,8039.0,8000.0,0.0,8520.0,3160.0,0.0,0.0,6600.0,8000.0,8520.0,8000.0,7960.0,0.0,0.0,0.0,8200.0,0.0,3040.0,3040.0,0.0,3040.0,3160.0,0.0,0.0,4080.0,3040.0,3040.0,5200.0,4000.0,0.0,0.0,0.0,3040.0,0.0,633958.0,35240.0,0.0,4093915.0,3160.0,0.0,0.0,21360.0,439280.0,687519.0,51200.0,11960.0,0.0,0.0,0.0,107800.0,0.0
