timestamp,category,IN,OUT,net_inflow
2026-02-09T01:00:00+01:00,animal,3,8,-5
2026-02-09T01:00:00+01:00,bicycle,31,36,-5
2026-02-09T01:00:00+01:00,car,53,68,-15
2026-02-09T01:00:00+01:00,light,3,1,2
2026-02-09T01:00:00+01:00,motorcycle,2,3,-1
2026-02-09T01:00:00+01:00,pedestrian,793,850,-57
2026-02-09T01:00:00+01:00,pram,7,5,2
2026-02-09T01:00:00+01:00,scooter,0,3,-3
2026-02-09T01:00:00+01:00,van,9,10,-1
2026-02-10T01:00:00+01:00,animal,21,11,10
2026-02-10T01:00:00+01:00,bicycle,119,147,-28
2026-02-10T01:00:00+01:00,car,300,375,-75
2026-02-10T01:00:00+01:00,car trailer,0,1,-1
2026-02-10T01:00:00+01:00,light,48,34,14
2026-02-10T01:00:00+01:00,motorcycle,10,10,0
2026-02-10T01:00:00+01:00,pedestrian,4249,4511,-262
2026-02-10T01:00:00+01:00,pram,37,24,13
2026-02-10T01:00:00+01:00,scooter,5,2,3
2026-02-10T01:00:00+01:00,tractor,0,1,-1
2026-02-10T01:00:00+01:00,truck trailer,0,1,-1
2026-02-10T01:00:00+01:00,van,92,80,12
2026-02-10T01:00:00+01:00,wheelchair,4,4,0
2026-02-11T01:00:00+01:00,animal,21,24,-3
2026-02-11T01:00:00+01:00,bicycle,137,164,-27
2026-02-11T01:00:00+01:00,bus,1,0,1
2026-02-11T01:00:00+01:00,car,402,519,-117
2026-02-11T01:00:00+01:00,car trailer,5,3,2
2026-02-11T01:00:00+01:00,light,65,43,22
2026-02-11T01:00:00+01:00,motorcycle,5,8,-3
2026-02-11T01:00:00+01:00,pedestrian,4992,5379,-387
2026-02-11T01:00:00+01:00,pram,47,47,0
2026-02-11T01:00:00+01:00,scooter,14,11,3
2026-02-11T01:00:00+01:00,tractor,1,1,0
2026-02-11T01:00:00+01:00,van,114,149,-35
2026-02-11T01:00:00+01:00,wheelchair,2,1,1
2026-02-12T01:00:00+01:00,animal,42,37,5
2026-02-12T01:00:00+01:00,bicycle,52,67,-15
2026-02-12T01:00:00+01:00,bus,4,2,2
2026-02-12T01:00:00+01:00,car,332,403,-71
2026-02-12T01:00:00+01:00,car trailer,0,1,-1
2026-02-12T01:00:00+01:00,light,34,33,1
2026-02-12T01:00:00+01:00,motorcycle,5,3,2
2026-02-12T01:00:00+01:00,pedestrian,3568,3877,-309
2026-02-12T01:00:00+01:00,pram,6,11,-5
2026-02-12T01:00:00+01:00,scooter,2,4,-2
2026-02-12T01:00:00+01:00,tractor,4,3,1
2026-02-12T01:00:00+01:00,van,91,97,-6
2026-02-12T01:00:00+01:00,wheelchair,2,0,2
2026-02-13T01:00:00+01:00,animal,23,21,2
2026-02-13T01:00:00+01:00,bicycle,80,94,-14
2026-02-13T01:00:00+01:00,bus,1,0,1
2026-02-13T01:00:00+01:00,car,388,486,-98
2026-02-13T01:00:00+01:00,car trailer,5,8,-3
2026-02-13T01:00:00+01:00,light,41,26,15
2026-02-13T01:00:00+01:00,motorcycle,6,9,-3
2026-02-13T01:00:00+01:00,pedestrian,6243,6964,-721
2026-02-13T01:00:00+01:00,pram,24,22,2
2026-02-13T01:00:00+01:00,scooter,4,6,-2
2026-02-13T01:00:00+01:00,tractor,3,3,0
2026-02-13T01:00:00+01:00,truck trailer,0,1,-1
2026-02-13T01:00:00+01:00,van,92,102,-10
2026-02-13T01:00:00+01:00,wheelchair,3,2,1
2026-02-14T01:00:00+01:00,animal,41,42,-1
2026-02-14T01:00:00+01:00,bicycle,94,89,5
2026-02-14T01:00:00+01:00,car,590,705,-115
2026-02-14T01:00:00+01:00,car trailer,1,0,1
2026-02-14T01:00:00+01:00,light,13,9,4
2026-02-14T01:00:00+01:00,motorcycle,4,5,-1
2026-02-14T01:00:00+01:00,pedestrian,7177,7919,-742
2026-02-14T01:00:00+01:00,pram,34,31,3
2026-02-14T01:00:00+01:00,scooter,3,6,-3
2026-02-14T01:00:00+01:00,tractor,1,1,0
2026-02-14T01:00:00+01:00,van,54,53,1
2026-02-15T01:00:00+01:00,animal,23,21,2
2026-02-15T01:00:00+01:00,bicycle,95,97,-2
2026-02-15T01:00:00+01:00,car,318,371,-53
2026-02-15T01:00:00+01:00,car trailer,3,1,2
2026-02-15T01:00:00+01:00,light,4,2,2
2026-02-15T01:00:00+01:00,motorcycle,8,2,6
2026-02-15T01:00:00+01:00,pedestrian,3479,3630,-151
2026-02-15T01:00:00+01:00,pram,28,28,0
2026-02-15T01:00:00+01:00,scooter,12,2,10
2026-02-15T01:00:00+01:00,tractor,1,1,0
2026-02-15T01:00:00+01:00,van,4,5,-1
2026-02-15T01:00:00+01:00,wheelchair,2,1,1
2026-02-16T01:00:00+01:00,animal,28,25,3
2026-02-16T01:00:00+01:00,bicycle,185,177,8
2026-02-16T01:00:00+01:00,bus,1,2,-1
2026-02-16T01:00:00+01:00,car,590,824,-234
2026-02-16T01:00:00+01:00,car trailer,0,2,-2
2026-02-16T01:00:00+01:00,light,39,26,13
2026-02-16T01:00:00+01:00,motorcycle,4,6,-2
2026-02-16T01:00:00+01:00,pedestrian,4040,4498,-458
2026-02-16T01:00:00+01:00,pram,35,26,9
2026-02-16T01:00:00+01:00,scooter,6,4,2
2026-02-16T01:00:00+01:00,tractor,0,1,-1
2026-02-16T01:00:00+01:00,van,96,102,-6
2026-02-16T01:00:00+01:00,wheelchair,6,4,2
2026-02-17T01:00:00+01:00,animal,16,20,-4
2026-02-17T01:00:00+01:00,bicycle,137,130,7
2026-02-17T01:00:00+01:00,bus,1,0,1
2026-02-17T01:00:00+01:00,car,394,532,-138
2026-02-17T01:00:00+01:00,car trailer,5,5,0
2026-02-17T01:00:00+01:00,heavy,1,0,1
2026-02-17T01:00:00+01:00,light,41,19,22
2026-02-17T01:00:00+01:00,motorcycle,23,17,6
2026-02-17T01:00:00+01:00,pedestrian,3782,4023,-241
2026-02-17T01:00:00+01:00,pram,26,29,-3
2026-02-17T01:00:00+01:00,scooter,1,4,-3
2026-02-17T01:00:00+01:00,tractor,2,3,-1
2026-02-17T01:00:00+01:00,van,123,133,-10
2026-02-17T01:00:00+01:00,wheelchair,3,3,0
2026-02-18T01:00:00+01:00,animal,36,44,-8
2026-02-18T01:00:00+01:00,bicycle,105,124,-19
2026-02-18T01:00:00+01:00,bus,0,1,-1
2026-02-18T01:00:00+01:00,car,555,610,-55
2026-02-18T01:00:00+01:00,car trailer,5,3,2
2026-02-18T01:00:00+01:00,light,21,21,0
2026-02-18T01:00:00+01:00,motorcycle,6,10,-4
2026-02-18T01:00:00+01:00,pedestrian,3968,4234,-266
2026-02-18T01:00:00+01:00,pram,43,32,11
2026-02-18T01:00:00+01:00,scooter,1,1,0
2026-02-18T01:00:00+01:00,tractor,2,3,-1
2026-02-18T01:00:00+01:00,truck trailer,2,0,2
2026-02-18T01:00:00+01:00,van,135,130,5
2026-02-18T01:00:00+01:00,wheelchair,4,5,-1
2026-02-19T01:00:00+01:00,animal,40,29,11
2026-02-19T01:00:00+01:00,bicycle,183,210,-27
2026-02-19T01:00:00+01:00,bus,5,3,2
2026-02-19T01:00:00+01:00,car,389,327,62
2026-02-19T01:00:00+01:00,car trailer,6,2,4
2026-02-19T01:00:00+01:00,heavy,1,0,1
2026-02-19T01:00:00+01:00,light,30,20,10
2026-02-19T01:00:00+01:00,motorcycle,22,9,13
2026-02-19T01:00:00+01:00,pedestrian,3673,3680,-7
2026-02-19T01:00:00+01:00,pram,35,37,-2
2026-02-19T01:00:00+01:00,scooter,8,19,-11
2026-02-19T01:00:00+01:00,tractor,2,1,1
2026-02-19T01:00:00+01:00,van,103,96,7
2026-02-19T01:00:00+01:00,wheelchair,2,3,-1
2026-02-20T01:00:00+01:00,animal,34,42,-8
2026-02-20T01:00:00+01:00,bicycle,155,167,-12
2026-02-20T01:00:00+01:00,bus,1,0,1
2026-02-20T01:00:00+01:00,car,723,592,131
2026-02-20T01:00:00+01:00,car trailer,5,5,0
2026-02-20T01:00:00+01:00,light,38,39,-1
2026-02-20T01:00:00+01:00,motorcycle,34,30,4
2026-02-20T01:00:00+01:00,pedestrian,5014,4968,46
2026-02-20T01:00:00+01:00,pram,63,54,9
2026-02-20T01:00:00+01:00,scooter,10,12,-2
2026-02-20T01:00:00+01:00,tractor,4,5,-1
2026-02-20T01:00:00+01:00,truck trailer,1,5,-4
2026-02-20T01:00:00+01:00,van,84,84,0
2026-02-20T01:00:00+01:00,wheelchair,6,4,2
2026-02-21T01:00:00+01:00,animal,70,105,-35
2026-02-21T01:00:00+01:00,bicycle,152,163,-11
2026-02-21T01:00:00+01:00,bus,17,18,-1
2026-02-21T01:00:00+01:00,car,580,512,68
2026-02-21T01:00:00+01:00,car trailer,4,5,-1
2026-02-21T01:00:00+01:00,light,17,23,-6
2026-02-21T01:00:00+01:00,motorcycle,13,13,0
2026-02-21T01:00:00+01:00,pedestrian,5748,6133,-385
2026-02-21T01:00:00+01:00,pram,84,94,-10
2026-02-21T01:00:00+01:00,scooter,13,22,-9
2026-02-21T01:00:00+01:00,van,18,15,3
2026-02-22T01:00:00+01:00,animal,27,67,-40
2026-02-22T01:00:00+01:00,bicycle,50,70,-20
2026-02-22T01:00:00+01:00,bus,1,0,1
2026-02-22T01:00:00+01:00,car,290,292,-2
2026-02-22T01:00:00+01:00,light,5,4,1
2026-02-22T01:00:00+01:00,motorcycle,6,5,1
2026-02-22T01:00:00+01:00,pedestrian,2118,2169,-51
2026-02-22T01:00:00+01:00,pram,27,28,-1
2026-02-22T01:00:00+01:00,scooter,5,6,-1
2026-02-22T01:00:00+01:00,tractor,0,1,-1
2026-02-22T01:00:00+01:00,van,9,15,-6
2026-02-22T01:00:00+01:00,wheelchair,1,2,-1
2026-02-23T01:00:00+01:00,animal,18,23,-5
2026-02-23T01:00:00+01:00,bicycle,190,206,-16
2026-02-23T01:00:00+01:00,car,359,355,4
2026-02-23T01:00:00+01:00,car trailer,3,7,-4
2026-02-23T01:00:00+01:00,light,51,48,3
2026-02-23T01:00:00+01:00,motorcycle,21,16,5
2026-02-23T01:00:00+01:00,pedestrian,3195,3328,-133
2026-02-23T01:00:00+01:00,pram,33,41,-8
2026-02-23T01:00:00+01:00,scooter,19,27,-8
2026-02-23T01:00:00+01:00,van,89,98,-9
2026-02-23T01:00:00+01:00,wheelchair,4,6,-2
2026-02-24T01:00:00+01:00,animal,24,22,2
2026-02-24T01:00:00+01:00,bicycle,227,254,-27
2026-02-24T01:00:00+01:00,bus,1,1,0
2026-02-24T01:00:00+01:00,car,417,470,-53
2026-02-24T01:00:00+01:00,car trailer,1,0,1
2026-02-24T01:00:00+01:00,light,37,31,6
2026-02-24T01:00:00+01:00,motorcycle,30,22,8
2026-02-24T01:00:00+01:00,pedestrian,3933,4178,-245
2026-02-24T01:00:00+01:00,pram,34,33,1
2026-02-24T01:00:00+01:00,scooter,9,13,-4
2026-02-24T01:00:00+01:00,tractor,0,1,-1
2026-02-24T01:00:00+01:00,truck trailer,0,1,-1
2026-02-24T01:00:00+01:00,van,75,73,2
2026-02-24T01:00:00+01:00,wheelchair,5,5,0
2026-02-25T01:00:00+01:00,animal,26,19,7
2026-02-25T01:00:00+01:00,bicycle,210,258,-48
2026-02-25T01:00:00+01:00,bus,2,1,1
2026-02-25T01:00:00+01:00,car,442,455,-13
2026-02-25T01:00:00+01:00,car trailer,2,2,0
2026-02-25T01:00:00+01:00,light,36,29,7
2026-02-25T01:00:00+01:00,motorcycle,35,34,1
2026-02-25T01:00:00+01:00,pedestrian,3911,3909,2
2026-02-25T01:00:00+01:00,pram,44,42,2
2026-02-25T01:00:00+01:00,scooter,13,21,-8
2026-02-25T01:00:00+01:00,van,91,92,-1
2026-02-25T01:00:00+01:00,wheelchair,7,12,-5
2026-02-26T01:00:00+01:00,animal,26,21,5
2026-02-26T01:00:00+01:00,bicycle,255,290,-35
2026-02-26T01:00:00+01:00,bus,2,1,1
2026-02-26T01:00:00+01:00,car,432,452,-20
2026-02-26T01:00:00+01:00,car trailer,11,5,6
2026-02-26T01:00:00+01:00,light,36,25,11
2026-02-26T01:00:00+01:00,motorcycle,30,23,7
2026-02-26T01:00:00+01:00,pedestrian,4349,4344,5
2026-02-26T01:00:00+01:00,pram,49,66,-17
2026-02-26T01:00:00+01:00,scooter,12,14,-2
2026-02-26T01:00:00+01:00,van,83,85,-2
2026-02-26T01:00:00+01:00,wheelchair,8,7,1
2026-02-27T01:00:00+01:00,animal,65,62,3
2026-02-27T01:00:00+01:00,bicycle,200,185,15
2026-02-27T01:00:00+01:00,bus,1,2,-1
2026-02-27T01:00:00+01:00,car,611,568,43
2026-02-27T01:00:00+01:00,car trailer,2,2,0
2026-02-27T01:00:00+01:00,light,28,27,1
2026-02-27T01:00:00+01:00,motorcycle,23,27,-4
2026-02-27T01:00:00+01:00,pedestrian,4727,4736,-9
2026-02-27T01:00:00+01:00,pram,66,80,-14
2026-02-27T01:00:00+01:00,scooter,18,14,4
2026-02-27T01:00:00+01:00,tractor,2,2,0
2026-02-27T01:00:00+01:00,truck trailer,0,1,-1
2026-02-27T01:00:00+01:00,van,85,80,5
2026-02-27T01:00:00+01:00,wheelchair,1,3,-2
2026-02-28T01:00:00+01:00,animal,98,138,-40
2026-02-28T01:00:00+01:00,bicycle,125,109,16
2026-02-28T01:00:00+01:00,bus,4,6,-2
2026-02-28T01:00:00+01:00,car,596,576,20
2026-02-28T01:00:00+01:00,car trailer,3,3,0
2026-02-28T01:00:00+01:00,light,11,11,0
2026-02-28T01:00:00+01:00,motorcycle,13,13,0
2026-02-28T01:00:00+01:00,pedestrian,5328,5418,-90
2026-02-28T01:00:00+01:00,pram,59,67,-8
2026-02-28T01:00:00+01:00,scooter,4,13,-9
2026-02-28T01:00:00+01:00,van,35,40,-5
2026-03-01T01:00:00+01:00,animal,41,59,-18
2026-03-01T01:00:00+01:00,bicycle,44,52,-8
2026-03-01T01:00:00+01:00,car,340,317,23
2026-03-01T01:00:00+01:00,car trailer,3,4,-1
2026-03-01T01:00:00+01:00,light,1,1,0
2026-03-01T01:00:00+01:00,motorcycle,7,8,-1
2026-03-01T01:00:00+01:00,pedestrian,1561,1632,-71
2026-03-01T01:00:00+01:00,pram,24,29,-5
2026-03-01T01:00:00+01:00,scooter,1,5,-4
2026-03-01T01:00:00+01:00,van,12,17,-5
2026-03-01T01:00:00+01:00,wheelchair,0,1,-1
2026-03-02T01:00:00+01:00,animal,36,28,8
2026-03-02T01:00:00+01:00,bicycle,266,274,-8
2026-03-02T01:00:00+01:00,bus,1,1,0
2026-03-02T01:00:00+01:00,car,376,359,17
2026-03-02T01:00:00+01:00,car trailer,1,3,-2
2026-03-02T01:00:00+01:00,light,36,22,14
2026-03-02T01:00:00+01:00,motorcycle,28,17,11
2026-03-02T01:00:00+01:00,pedestrian,4349,4326,23
2026-03-02T01:00:00+01:00,pram,65,90,-25
2026-03-02T01:00:00+01:00,scooter,24,30,-6
2026-03-02T01:00:00+01:00,van,110,95,15
2026-03-02T01:00:00+01:00,wheelchair,5,5,0
2026-03-03T01:00:00+01:00,animal,31,32,-1
2026-03-03T01:00:00+01:00,bicycle,255,285,-30
2026-03-03T01:00:00+01:00,car,560,562,-2
2026-03-03T01:00:00+01:00,car trailer,10,12,-2
2026-03-03T01:00:00+01:00,light,73,61,12
2026-03-03T01:00:00+01:00,motorcycle,40,26,14
2026-03-03T01:00:00+01:00,pedestrian,4695,5016,-321
2026-03-03T01:00:00+01:00,pram,58,55,3
2026-03-03T01:00:00+01:00,scooter,24,21,3
2026-03-03T01:00:00+01:00,tram,1,0,1
2026-03-03T01:00:00+01:00,van,83,81,2
2026-03-03T01:00:00+01:00,wheelchair,2,5,-3
2026-03-04T01:00:00+01:00,animal,36,29,7
2026-03-04T01:00:00+01:00,bicycle,297,343,-46
2026-03-04T01:00:00+01:00,bus,3,0,3
2026-03-04T01:00:00+01:00,car,569,535,34
2026-03-04T01:00:00+01:00,car trailer,5,7,-2
2026-03-04T01:00:00+01:00,light,25,23,2
2026-03-04T01:00:00+01:00,motorcycle,35,23,12
2026-03-04T01:00:00+01:00,pedestrian,4657,4770,-113
2026-03-04T01:00:00+01:00,pram,61,80,-19
2026-03-04T01:00:00+01:00,scooter,13,20,-7
2026-03-04T01:00:00+01:00,van,97,96,1
2026-03-04T01:00:00+01:00,wheelchair,1,2,-1
2026-03-05T01:00:00+01:00,animal,26,19,7
2026-03-05T01:00:00+01:00,bicycle,330,407,-77
2026-03-05T01:00:00+01:00,bus,0,1,-1
2026-03-05T01:00:00+01:00,car,546,491,55
2026-03-05T01:00:00+01:00,car trailer,6,5,1
2026-03-05T01:00:00+01:00,light,66,50,16
2026-03-05T01:00:00+01:00,motorcycle,29,25,4
2026-03-05T01:00:00+01:00,pedestrian,5245,5536,-291
2026-03-05T01:00:00+01:00,pram,58,66,-8
2026-03-05T01:00:00+01:00,scooter,28,31,-3
2026-03-05T01:00:00+01:00,van,77,81,-4
2026-03-05T01:00:00+01:00,wheelchair,2,2,0
2026-03-06T01:00:00+01:00,animal,8,10,-2
2026-03-06T01:00:00+01:00,bicycle,126,122,4
2026-03-06T01:00:00+01:00,bus,2,2,0
2026-03-06T01:00:00+01:00,car,560,558,2
2026-03-06T01:00:00+01:00,car trailer,3,1,2
2026-03-06T01:00:00+01:00,heavy,1,0,1
2026-03-06T01:00:00+01:00,light,35,24,11
2026-03-06T01:00:00+01:00,motorcycle,28,20,8
2026-03-06T01:00:00+01:00,pedestrian,2398,2166,232
2026-03-06T01:00:00+01:00,pram,18,19,-1
2026-03-06T01:00:00+01:00,scooter,2,2,0
2026-03-06T01:00:00+01:00,van,57,60,-3
2026-03-06T01:00:00+01:00,wheelchair,0,1,-1
2026-03-07T01:00:00+01:00,animal,18,12,6
2026-03-07T01:00:00+01:00,bicycle,70,74,-4
2026-03-07T01:00:00+01:00,bus,2,0,2
2026-03-07T01:00:00+01:00,car,542,542,0
2026-03-07T01:00:00+01:00,light,3,3,0
2026-03-07T01:00:00+01:00,motorcycle,13,14,-1
2026-03-07T01:00:00+01:00,pedestrian,2105,2129,-24
2026-03-07T01:00:00+01:00,pram,19,27,-8
2026-03-07T01:00:00+01:00,scooter,6,5,1
2026-03-07T01:00:00+01:00,van,14,16,-2
2026-03-07T01:00:00+01:00,wheelchair,3,2,1
2026-03-08T01:00:00+01:00,animal,17,8,9
2026-03-08T01:00:00+01:00,bicycle,61,56,5
2026-03-08T01:00:00+01:00,bus,0,1,-1
2026-03-08T01:00:00+01:00,car,488,474,14
2026-03-08T01:00:00+01:00,car trailer,1,2,-1
2026-03-08T01:00:00+01:00,light,3,1,2
2026-03-08T01:00:00+01:00,motorcycle,3,2,1
2026-03-08T01:00:00+01:00,pedestrian,983,962,21
2026-03-08T01:00:00+01:00,pram,11,11,0
2026-03-08T01:00:00+01:00,scooter,1,0,1
2026-03-08T01:00:00+01:00,van,8,5,3
2026-03-08T01:00:00+01:00,wheelchair,0,1,-1
2026-03-09T01:00:00+01:00,animal,9,6,3
2026-03-09T01:00:00+01:00,bicycle,107,101,6
2026-03-09T01:00:00+01:00,bus,3,2,1
2026-03-09T01:00:00+01:00,car,341,346,-5
2026-03-09T01:00:00+01:00,car trailer,4,5,-1
2026-03-09T01:00:00+01:00,light,22,24,-2
2026-03-09T01:00:00+01:00,motorcycle,6,5,1
2026-03-09T01:00:00+01:00,pedestrian,1372,1315,57
2026-03-09T01:00:00+01:00,pram,22,26,-4
2026-03-09T01:00:00+01:00,scooter,6,0,6
2026-03-09T01:00:00+01:00,tractor,1,0,1
2026-03-09T01:00:00+01:00,van,68,65,3
2026-03-10T01:00:00+01:00,animal,4,2,2
2026-03-10T01:00:00+01:00,bicycle,117,118,-1
2026-03-10T01:00:00+01:00,bus,0,1,-1
2026-03-10T01:00:00+01:00,car,398,380,18
2026-03-10T01:00:00+01:00,car trailer,3,1,2
2026-03-10T01:00:00+01:00,heavy,3,4,-1
2026-03-10T01:00:00+01:00,light,37,28,9
2026-03-10T01:00:00+01:00,motorcycle,28,24,4
2026-03-10T01:00:00+01:00,pedestrian,1608,1616,-8
2026-03-10T01:00:00+01:00,pram,19,19,0
2026-03-10T01:00:00+01:00,scooter,4,2,2
2026-03-10T01:00:00+01:00,van,58,66,-8
2026-03-10T01:00:00+01:00,wheelchair,1,0,1
2026-03-11T01:00:00+01:00,animal,3,10,-7
2026-03-11T01:00:00+01:00,bicycle,84,86,-2
2026-03-11T01:00:00+01:00,bus,2,4,-2
2026-03-11T01:00:00+01:00,car,657,656,1
2026-03-11T01:00:00+01:00,car trailer,3,2,1
2026-03-11T01:00:00+01:00,light,27,24,3
2026-03-11T01:00:00+01:00,motorcycle,5,6,-1
2026-03-11T01:00:00+01:00,pedestrian,1146,1130,16
2026-03-11T01:00:00+01:00,pram,19,12,7
2026-03-11T01:00:00+01:00,scooter,4,2,2
2026-03-11T01:00:00+01:00,van,56,65,-9
2026-03-11T01:00:00+01:00,wheelchair,1,2,-1
2026-03-12T01:00:00+01:00,animal,8,9,-1
2026-03-12T01:00:00+01:00,bicycle,104,110,-6
2026-03-12T01:00:00+01:00,bus,2,0,2
2026-03-12T01:00:00+01:00,car,509,497,12
2026-03-12T01:00:00+01:00,car trailer,2,1,1
2026-03-12T01:00:00+01:00,light,34,32,2
2026-03-12T01:00:00+01:00,motorcycle,9,6,3
2026-03-12T01:00:00+01:00,pedestrian,1540,1486,54
2026-03-12T01:00:00+01:00,pram,11,11,0
2026-03-12T01:00:00+01:00,scooter,5,5,0
2026-03-12T01:00:00+01:00,van,66,65,1
2026-03-12T01:00:00+01:00,wheelchair,4,5,-1
2026-03-13T01:00:00+01:00,animal,13,10,3
2026-03-13T01:00:00+01:00,bicycle,94,100,-6
2026-03-13T01:00:00+01:00,bus,2,3,-1
2026-03-13T01:00:00+01:00,car,650,656,-6
2026-03-13T01:00:00+01:00,car trailer,1,1,0
2026-03-13T01:00:00+01:00,light,26,22,4
2026-03-13T01:00:00+01:00,motorcycle,8,9,-1
2026-03-13T01:00:00+01:00,pedestrian,1677,1554,123
2026-03-13T01:00:00+01:00,pram,15,11,4
2026-03-13T01:00:00+01:00,scooter,8,5,3
2026-03-13T01:00:00+01:00,van,63,50,13
2026-03-13T01:00:00+01:00,wheelchair,3,1,2
2026-03-14T01:00:00+01:00,animal,14,13,1
2026-03-14T01:00:00+01:00,bicycle,65,68,-3
2026-03-14T01:00:00+01:00,bus,1,1,0
2026-03-14T01:00:00+01:00,car,573,565,8
2026-03-14T01:00:00+01:00,car trailer,1,0,1
2026-03-14T01:00:00+01:00,heavy,1,1,0
2026-03-14T01:00:00+01:00,light,7,9,-2
2026-03-14T01:00:00+01:00,motorcycle,7,11,-4
2026-03-14T01:00:00+01:00,pedestrian,2045,1989,56
2026-03-14T01:00:00+01:00,pram,32,36,-4
2026-03-14T01:00:00+01:00,scooter,9,3,6
2026-03-14T01:00:00+01:00,van,42,31,11
2026-03-14T01:00:00+01:00,wheelchair,2,0,2
2026-03-15T01:00:00+01:00,animal,10,17,-7
2026-03-15T01:00:00+01:00,bicycle,50,43,7
2026-03-15T01:00:00+01:00,car,457,446,11
2026-03-15T01:00:00+01:00,car trailer,1,6,-5
2026-03-15T01:00:00+01:00,light,1,1,0
2026-03-15T01:00:00+01:00,motorcycle,4,7,-3
2026-03-15T01:00:00+01:00,pedestrian,1032,1038,-6
2026-03-15T01:00:00+01:00,pram,7,10,-3
2026-03-15T01:00:00+01:00,scooter,5,4,1
2026-03-15T01:00:00+01:00,van,27,20,7
2026-03-15T01:00:00+01:00,wheelchair,1,0,1
2026-03-16T01:00:00+01:00,animal,12,13,-1
2026-03-16T01:00:00+01:00,bicycle,110,84,26
2026-03-16T01:00:00+01:00,bus,1,3,-2
2026-03-16T01:00:00+01:00,car,610,649,-39
2026-03-16T01:00:00+01:00,car trailer,4,2,2
2026-03-16T01:00:00+01:00,light,28,24,4
2026-03-16T01:00:00+01:00,motorcycle,6,4,2
2026-03-16T01:00:00+01:00,pedestrian,1313,1226,87
2026-03-16T01:00:00+01:00,pram,18,14,4
2026-03-16T01:00:00+01:00,scooter,2,4,-2
2026-03-16T01:00:00+01:00,van,157,172,-15
2026-03-16T01:00:00+01:00,wheelchair,1,4,-3
2026-03-17T01:00:00+01:00,animal,10,11,-1
2026-03-17T01:00:00+01:00,bicycle,137,141,-4
2026-03-17T01:00:00+01:00,bus,2,1,1
2026-03-17T01:00:00+01:00,car,655,670,-15
2026-03-17T01:00:00+01:00,car trailer,3,2,1
2026-03-17T01:00:00+01:00,heavy,12,7,5
2026-03-17T01:00:00+01:00,light,27,26,1
2026-03-17T01:00:00+01:00,motorcycle,15,10,5
2026-03-17T01:00:00+01:00,pedestrian,1873,1738,135
2026-03-17T01:00:00+01:00,pram,24,21,3
2026-03-17T01:00:00+01:00,scooter,4,4,0
2026-03-17T01:00:00+01:00,tractor,2,1,1
2026-03-17T01:00:00+01:00,van,71,68,3
2026-03-17T01:00:00+01:00,wheelchair,3,4,-1
2026-03-18T01:00:00+01:00,animal,9,11,-2
2026-03-18T01:00:00+01:00,bicycle,127,103,24
2026-03-18T01:00:00+01:00,bus,1,1,0
2026-03-18T01:00:00+01:00,car,586,580,6
2026-03-18T01:00:00+01:00,car trailer,12,24,-12
2026-03-18T01:00:00+01:00,heavy,1,1,0
2026-03-18T01:00:00+01:00,light,14,14,0
2026-03-18T01:00:00+01:00,motorcycle,14,19,-5
2026-03-18T01:00:00+01:00,pedestrian,1537,1513,24
2026-03-18T01:00:00+01:00,pram,11,18,-7
2026-03-18T01:00:00+01:00,scooter,2,1,1
2026-03-18T01:00:00+01:00,van,77,67,10
2026-03-19T01:00:00+01:00,animal,9,20,-11
2026-03-19T01:00:00+01:00,bicycle,98,91,7
2026-03-19T01:00:00+01:00,bus,0,1,-1
2026-03-19T01:00:00+01:00,car,610,579,31
2026-03-19T01:00:00+01:00,car trailer,56,36,20
2026-03-19T01:00:00+01:00,light,25,24,1
2026-03-19T01:00:00+01:00,motorcycle,8,9,-1
2026-03-19T01:00:00+01:00,pedestrian,1455,1360,95
2026-03-19T01:00:00+01:00,pram,14,15,-1
2026-03-19T01:00:00+01:00,scooter,1,6,-5
2026-03-19T01:00:00+01:00,van,65,58,7
2026-03-19T01:00:00+01:00,wheelchair,2,0,2
2026-03-20T01:00:00+01:00,animal,5,9,-4
2026-03-20T01:00:00+01:00,bicycle,78,84,-6
2026-03-20T01:00:00+01:00,bus,1,1,0
2026-03-20T01:00:00+01:00,car,498,472,26
2026-03-20T01:00:00+01:00,car trailer,1,0,1
2026-03-20T01:00:00+01:00,light,32,27,5
2026-03-20T01:00:00+01:00,motorcycle,14,9,5
2026-03-20T01:00:00+01:00,pedestrian,2070,1764,306
2026-03-20T01:00:00+01:00,pram,28,25,3
2026-03-20T01:00:00+01:00,scooter,3,1,2
2026-03-20T01:00:00+01:00,van,55,61,-6
2026-03-21T01:00:00+01:00,animal,7,10,-3
2026-03-21T01:00:00+01:00,bicycle,95,73,22
2026-03-21T01:00:00+01:00,car,668,621,47
2026-03-21T01:00:00+01:00,car trailer,1,0,1
2026-03-21T01:00:00+01:00,light,7,5,2
2026-03-21T01:00:00+01:00,motorcycle,10,14,-4
2026-03-21T01:00:00+01:00,pedestrian,1946,1994,-48
2026-03-21T01:00:00+01:00,pram,26,20,6
2026-03-21T01:00:00+01:00,scooter,3,3,0
2026-03-21T01:00:00+01:00,van,26,15,11
2026-03-21T01:00:00+01:00,wheelchair,3,0,3
2026-03-22T01:00:00+01:00,animal,4,11,-7
2026-03-22T01:00:00+01:00,bicycle,58,64,-6
2026-03-22T01:00:00+01:00,bus,1,0,1
2026-03-22T01:00:00+01:00,car,338,317,21
2026-03-22T01:00:00+01:00,motorcycle,4,5,-1
2026-03-22T01:00:00+01:00,pedestrian,1117,1095,22
2026-03-22T01:00:00+01:00,pram,17,22,-5
2026-03-22T01:00:00+01:00,scooter,1,0,1
2026-03-22T01:00:00+01:00,van,20,12,8
2026-03-23T01:00:00+01:00,animal,9,2,7
2026-03-23T01:00:00+01:00,bicycle,127,114,13
2026-03-23T01:00:00+01:00,bus,2,5,-3
2026-03-23T01:00:00+01:00,car,295,305,-10
2026-03-23T01:00:00+01:00,light,23,20,3
2026-03-23T01:00:00+01:00,motorcycle,9,4,5
2026-03-23T01:00:00+01:00,pedestrian,1501,1330,171
2026-03-23T01:00:00+01:00,pram,12,24,-12
2026-03-23T01:00:00+01:00,scooter,5,4,1
2026-03-23T01:00:00+01:00,van,53,50,3
2026-03-23T01:00:00+01:00,wheelchair,2,3,-1
2026-03-24T01:00:00+01:00,animal,3,2,1
2026-03-24T01:00:00+01:00,bicycle,88,81,7
2026-03-24T01:00:00+01:00,bus,2,2,0
2026-03-24T01:00:00+01:00,car,545,564,-19
2026-03-24T01:00:00+01:00,heavy,2,1,1
2026-03-24T01:00:00+01:00,light,29,24,5
2026-03-24T01:00:00+01:00,motorcycle,6,14,-8
2026-03-24T01:00:00+01:00,pedestrian,1214,1186,28
2026-03-24T01:00:00+01:00,pram,17,13,4
2026-03-24T01:00:00+01:00,scooter,5,2,3
2026-03-24T01:00:00+01:00,van,63,54,9
2026-03-25T01:00:00+01:00,animal,13,9,4
2026-03-25T01:00:00+01:00,bicycle,82,70,12
2026-03-25T01:00:00+01:00,bus,1,0,1
2026-03-25T01:00:00+01:00,car,550,563,-13
2026-03-25T01:00:00+01:00,car trailer,4,1,3
2026-03-25T01:00:00+01:00,heavy,1,0,1
2026-03-25T01:00:00+01:00,light,38,21,17
2026-03-25T01:00:00+01:00,motorcycle,9,11,-2
2026-03-25T01:00:00+01:00,pedestrian,1199,1100,99
2026-03-25T01:00:00+01:00,pram,5,11,-6
2026-03-25T01:00:00+01:00,scooter,0,3,-3
2026-03-25T01:00:00+01:00,van,69,61,8
2026-03-25T01:00:00+01:00,wheelchair,0,1,-1
2026-03-26T01:00:00+01:00,animal,15,14,1
2026-03-26T01:00:00+01:00,bicycle,94,89,5
2026-03-26T01:00:00+01:00,bus,1,0,1
2026-03-26T01:00:00+01:00,car,629,643,-14
2026-03-26T01:00:00+01:00,car trailer,2,1,1
2026-03-26T01:00:00+01:00,light,21,24,-3
2026-03-26T01:00:00+01:00,motorcycle,6,11,-5
2026-03-26T01:00:00+01:00,pedestrian,1410,1350,60
2026-03-26T01:00:00+01:00,pram,19,18,1
2026-03-26T01:00:00+01:00,scooter,5,5,0
2026-03-26T01:00:00+01:00,van,71,66,5
2026-03-26T01:00:00+01:00,wheelchair,1,3,-2
2026-03-27T01:00:00+01:00,animal,14,14,0
2026-03-27T01:00:00+01:00,bicycle,70,59,11
2026-03-27T01:00:00+01:00,car,508,492,16
2026-03-27T01:00:00+01:00,car trailer,1,0,1
2026-03-27T01:00:00+01:00,heavy,0,1,-1
2026-03-27T01:00:00+01:00,light,26,21,5
2026-03-27T01:00:00+01:00,motorcycle,12,12,0
2026-03-27T01:00:00+01:00,pedestrian,1536,1424,112
2026-03-27T01:00:00+01:00,pram,11,17,-6
2026-03-27T01:00:00+01:00,scooter,1,1,0
2026-03-27T01:00:00+01:00,van,51,45,6
2026-03-27T01:00:00+01:00,wheelchair,1,0,1
2026-03-28T01:00:00+01:00,animal,12,19,-7
2026-03-28T01:00:00+01:00,bicycle,79,62,17
2026-03-28T01:00:00+01:00,bus,1,0,1
2026-03-28T01:00:00+01:00,car,511,506,5
2026-03-28T01:00:00+01:00,car trailer,1,1,0
2026-03-28T01:00:00+01:00,light,6,4,2
2026-03-28T01:00:00+01:00,motorcycle,13,10,3
2026-03-28T01:00:00+01:00,pedestrian,1671,1732,-61
2026-03-28T01:00:00+01:00,pram,23,16,7
2026-03-28T01:00:00+01:00,scooter,2,1,1
2026-03-28T01:00:00+01:00,van,12,12,0
2026-03-28T01:00:00+01:00,wheelchair,2,3,-1
2026-03-29T01:00:00+01:00,animal,8,13,-5
2026-03-29T01:00:00+01:00,bicycle,53,57,-4
2026-03-29T01:00:00+01:00,car,349,343,6
2026-03-29T01:00:00+01:00,car trailer,6,1,5
2026-03-29T01:00:00+01:00,light,5,2,3
2026-03-29T01:00:00+01:00,motorcycle,3,3,0
2026-03-29T01:00:00+01:00,pedestrian,765,774,-9
2026-03-29T01:00:00+01:00,pram,7,6,1
2026-03-29T01:00:00+01:00,scooter,4,1,3
2026-03-29T01:00:00+01:00,van,6,5,1
2026-03-30T02:00:00+02:00,animal,10,7,3
2026-03-30T02:00:00+02:00,bicycle,76,77,-1
2026-03-30T02:00:00+02:00,car,727,713,14
2026-03-30T02:00:00+02:00,car trailer,2,1,1
2026-03-30T02:00:00+02:00,heavy,1,0,1
2026-03-30T02:00:00+02:00,light,24,16,8
2026-03-30T02:00:00+02:00,motorcycle,6,7,-1
2026-03-30T02:00:00+02:00,pedestrian,1311,1335,-24
2026-03-30T02:00:00+02:00,pram,16,19,-3
2026-03-30T02:00:00+02:00,scooter,5,5,0
2026-03-30T02:00:00+02:00,van,63,54,9
2026-03-30T02:00:00+02:00,wheelchair,1,0,1
2026-03-31T02:00:00+02:00,animal,7,8,-1
2026-03-31T02:00:00+02:00,bicycle,105,116,-11
2026-03-31T02:00:00+02:00,car,1061,1049,12
2026-03-31T02:00:00+02:00,car trailer,4,1,3
2026-03-31T02:00:00+02:00,heavy,1,1,0
2026-03-31T02:00:00+02:00,light,44,43,1
2026-03-31T02:00:00+02:00,motorcycle,14,13,1
2026-03-31T02:00:00+02:00,pedestrian,1751,1760,-9
2026-03-31T02:00:00+02:00,pram,24,18,6
2026-03-31T02:00:00+02:00,scooter,1,1,0
2026-03-31T02:00:00+02:00,van,50,51,-1
2026-04-01T02:00:00+02:00,animal,9,11,-2
2026-04-01T02:00:00+02:00,bicycle,103,110,-7
2026-04-01T02:00:00+02:00,car,1005,959,46
2026-04-01T02:00:00+02:00,car trailer,1,2,-1
2026-04-01T02:00:00+02:00,heavy,1,1,0
2026-04-01T02:00:00+02:00,light,19,16,3
2026-04-01T02:00:00+02:00,motorcycle,20,13,7
2026-04-01T02:00:00+02:00,pedestrian,1676,1646,30
2026-04-01T02:00:00+02:00,pram,32,25,7
2026-04-01T02:00:00+02:00,scooter,1,0,1
2026-04-01T02:00:00+02:00,van,85,77,8
2026-04-01T02:00:00+02:00,wheelchair,5,2,3
2026-04-02T02:00:00+02:00,animal,6,2,4
2026-04-02T02:00:00+02:00,bicycle,68,67,1
2026-04-02T02:00:00+02:00,car,820,770,50
2026-04-02T02:00:00+02:00,light,7,7,0
2026-04-02T02:00:00+02:00,motorcycle,6,12,-6
2026-04-02T02:00:00+02:00,pedestrian,1085,1033,52
2026-04-02T02:00:00+02:00,pram,12,21,-9
2026-04-02T02:00:00+02:00,scooter,2,1,1
2026-04-02T02:00:00+02:00,van,15,13,2
2026-04-02T02:00:00+02:00,wheelchair,1,0,1
2026-04-03T02:00:00+02:00,animal,2,8,-6
2026-04-03T02:00:00+02:00,bicycle,68,80,-12
2026-04-03T02:00:00+02:00,car,600,591,9
2026-04-03T02:00:00+02:00,light,10,10,0
2026-04-03T02:00:00+02:00,motorcycle,6,7,-1
2026-04-03T02:00:00+02:00,pedestrian,1559,1690,-131
2026-04-03T02:00:00+02:00,pram,18,15,3
2026-04-03T02:00:00+02:00,scooter,3,0,3
2026-04-03T02:00:00+02:00,van,33,24,9
2026-04-03T02:00:00+02:00,wheelchair,0,1,-1
2026-04-04T02:00:00+02:00,animal,12,10,2
2026-04-04T02:00:00+02:00,bicycle,64,58,6
2026-04-04T02:00:00+02:00,bus,0,2,-2
2026-04-04T02:00:00+02:00,car,494,482,12
2026-04-04T02:00:00+02:00,car trailer,2,1,1
2026-04-04T02:00:00+02:00,light,7,2,5
2026-04-04T02:00:00+02:00,motorcycle,8,2,6
2026-04-04T02:00:00+02:00,pedestrian,1743,1743,0
2026-04-04T02:00:00+02:00,pram,30,19,11
2026-04-04T02:00:00+02:00,scooter,5,2,3
2026-04-04T02:00:00+02:00,van,14,15,-1
2026-04-04T02:00:00+02:00,wheelchair,4,1,3
2026-04-05T02:00:00+02:00,animal,5,4,1
2026-04-05T02:00:00+02:00,bicycle,30,39,-9
2026-04-05T02:00:00+02:00,bus,1,1,0
2026-04-05T02:00:00+02:00,car,579,561,18
2026-04-05T02:00:00+02:00,light,1,1,0
2026-04-05T02:00:00+02:00,motorcycle,9,10,-1
2026-04-05T02:00:00+02:00,pedestrian,832,899,-67
2026-04-05T02:00:00+02:00,pram,11,8,3
2026-04-05T02:00:00+02:00,scooter,2,2,0
2026-04-05T02:00:00+02:00,van,20,20,0
2026-04-05T02:00:00+02:00,wheelchair,0,1,-1
2026-04-06T02:00:00+02:00,animal,6,11,-5
2026-04-06T02:00:00+02:00,bicycle,59,62,-3
2026-04-06T02:00:00+02:00,car,573,577,-4
2026-04-06T02:00:00+02:00,car trailer,1,0,1
2026-04-06T02:00:00+02:00,light,5,4,1
2026-04-06T02:00:00+02:00,motorcycle,7,12,-5
2026-04-06T02:00:00+02:00,pedestrian,865,833,32
2026-04-06T02:00:00+02:00,pram,11,8,3
2026-04-06T02:00:00+02:00,scooter,3,3,0
2026-04-06T02:00:00+02:00,van,11,13,-2
2026-04-06T02:00:00+02:00,wheelchair,2,4,-2
2026-04-07T02:00:00+02:00,animal,1,5,-4
2026-04-07T02:00:00+02:00,bicycle,72,89,-17
2026-04-07T02:00:00+02:00,car,616,608,8
2026-04-07T02:00:00+02:00,light,27,21,6
2026-04-07T02:00:00+02:00,motorcycle,12,7,5
2026-04-07T02:00:00+02:00,pedestrian,1104,1045,59
2026-04-07T02:00:00+02:00,pram,22,15,7
2026-04-07T02:00:00+02:00,scooter,2,1,1
2026-04-07T02:00:00+02:00,van,61,51,10
2026-04-07T02:00:00+02:00,wheelchair,0,1,-1
2026-04-08T02:00:00+02:00,animal,6,4,2
2026-04-08T02:00:00+02:00,bicycle,105,79,26
2026-04-08T02:00:00+02:00,car,559,541,18
2026-04-08T02:00:00+02:00,light,23,14,9
2026-04-08T02:00:00+02:00,motorcycle,12,10,2
2026-04-08T02:00:00+02:00,pedestrian,1537,1491,46
2026-04-08T02:00:00+02:00,pram,21,22,-1
2026-04-08T02:00:00+02:00,van,76,75,1
2026-04-09T02:00:00+02:00,animal,6,3,3
2026-04-09T02:00:00+02:00,bicycle,147,124,23
2026-04-09T02:00:00+02:00,car,802,739,63
2026-04-09T02:00:00+02:00,car trailer,3,0,3
2026-04-09T02:00:00+02:00,heavy,1,0,1
2026-04-09T02:00:00+02:00,light,19,14,5
2026-04-09T02:00:00+02:00,motorcycle,14,14,0
2026-04-09T02:00:00+02:00,pedestrian,1308,1251,57
2026-04-09T02:00:00+02:00,pram,15,17,-2
2026-04-09T02:00:00+02:00,scooter,3,1,2
2026-04-09T02:00:00+02:00,van,75,72,3
2026-04-09T02:00:00+02:00,wheelchair,2,2,0
2026-04-10T02:00:00+02:00,animal,7,2,5
2026-04-10T02:00:00+02:00,bicycle,71,71,0
2026-04-10T02:00:00+02:00,car,871,869,2
2026-04-10T02:00:00+02:00,light,31,28,3
2026-04-10T02:00:00+02:00,motorcycle,2,4,-2
2026-04-10T02:00:00+02:00,pedestrian,1571,1447,124
2026-04-10T02:00:00+02:00,pram,13,21,-8
2026-04-10T02:00:00+02:00,scooter,1,2,-1
2026-04-10T02:00:00+02:00,tractor,1,1,0
2026-04-10T02:00:00+02:00,van,71,80,-9
2026-04-10T02:00:00+02:00,wheelchair,2,3,-1
2026-04-11T02:00:00+02:00,animal,12,9,3
2026-04-11T02:00:00+02:00,bicycle,83,81,2
2026-04-11T02:00:00+02:00,bus,0,1,-1
2026-04-11T02:00:00+02:00,car,941,913,28
2026-04-11T02:00:00+02:00,car trailer,2,1,1
2026-04-11T02:00:00+02:00,light,4,1,3
2026-04-11T02:00:00+02:00,motorcycle,8,3,5
2026-04-11T02:00:00+02:00,pedestrian,1835,1782,53
2026-04-11T02:00:00+02:00,pram,38,33,5
2026-04-11T02:00:00+02:00,scooter,3,1,2
2026-04-11T02:00:00+02:00,van,18,14,4
2026-04-11T02:00:00+02:00,wheelchair,1,2,-1
2026-04-12T02:00:00+02:00,animal,12,6,6
2026-04-12T02:00:00+02:00,bicycle,65,69,-4
2026-04-12T02:00:00+02:00,bus,3,2,1
2026-04-12T02:00:00+02:00,car,646,612,34
2026-04-12T02:00:00+02:00,car trailer,3,3,0
2026-04-12T02:00:00+02:00,light,2,0,2
2026-04-12T02:00:00+02:00,motorcycle,9,12,-3
2026-04-12T02:00:00+02:00,pedestrian,990,905,85
2026-04-12T02:00:00+02:00,pram,7,7,0
2026-04-12T02:00:00+02:00,scooter,5,4,1
2026-04-12T02:00:00+02:00,van,18,12,6
2026-04-12T02:00:00+02:00,wheelchair,1,0,1
2026-04-13T02:00:00+02:00,animal,6,7,-1
2026-04-13T02:00:00+02:00,bicycle,115,126,-11
2026-04-13T02:00:00+02:00,car,291,266,25
2026-04-13T02:00:00+02:00,car trailer,1,0,1
2026-04-13T02:00:00+02:00,light,50,60,-10
2026-04-13T02:00:00+02:00,motorcycle,18,17,1
2026-04-13T02:00:00+02:00,pedestrian,1301,1252,49
2026-04-13T02:00:00+02:00,pram,17,13,4
2026-04-13T02:00:00+02:00,scooter,3,3,0
2026-04-13T02:00:00+02:00,van,61,46,15
2026-04-13T02:00:00+02:00,wheelchair,4,3,1
2026-04-14T02:00:00+02:00,animal,7,3,4
2026-04-14T02:00:00+02:00,bicycle,70,70,0
2026-04-14T02:00:00+02:00,bus,6,5,1
2026-04-14T02:00:00+02:00,car,374,335,39
2026-04-14T02:00:00+02:00,car trailer,1,0,1
2026-04-14T02:00:00+02:00,light,37,32,5
2026-04-14T02:00:00+02:00,motorcycle,6,9,-3
2026-04-14T02:00:00+02:00,pedestrian,1481,1354,127
2026-04-14T02:00:00+02:00,pram,13,17,-4
2026-04-14T02:00:00+02:00,scooter,2,1,1
2026-04-14T02:00:00+02:00,van,74,59,15
2026-04-14T02:00:00+02:00,wheelchair,0,1,-1
2026-04-15T02:00:00+02:00,animal,12,2,10
2026-04-15T02:00:00+02:00,bicycle,135,124,11
2026-04-15T02:00:00+02:00,bus,1,0,1
2026-04-15T02:00:00+02:00,car,308,275,33
2026-04-15T02:00:00+02:00,car trailer,0,2,-2
2026-04-15T02:00:00+02:00,light,28,24,4
2026-04-15T02:00:00+02:00,motorcycle,17,11,6
2026-04-15T02:00:00+02:00,pedestrian,1731,1590,141
2026-04-15T02:00:00+02:00,pram,11,18,-7
2026-04-15T02:00:00+02:00,scooter,5,3,2
2026-04-15T02:00:00+02:00,van,45,56,-11
2026-04-15T02:00:00+02:00,wheelchair,2,1,1
2026-04-16T02:00:00+02:00,animal,7,4,3
2026-04-16T02:00:00+02:00,bicycle,98,110,-12
2026-04-16T02:00:00+02:00,car,306,293,13
2026-04-16T02:00:00+02:00,light,28,31,-3
2026-04-16T02:00:00+02:00,motorcycle,15,23,-8
2026-04-16T02:00:00+02:00,pedestrian,1898,1913,-15
2026-04-16T02:00:00+02:00,pram,12,17,-5
2026-04-16T02:00:00+02:00,scooter,0,1,-1
2026-04-16T02:00:00+02:00,van,48,45,3
2026-04-16T02:00:00+02:00,wheelchair,2,2,0
2026-04-17T02:00:00+02:00,animal,8,8,0
2026-04-17T02:00:00+02:00,bicycle,71,89,-18
2026-04-17T02:00:00+02:00,bus,0,1,-1
2026-04-17T02:00:00+02:00,car,503,465,38
2026-04-17T02:00:00+02:00,light,73,73,0
2026-04-17T02:00:00+02:00,motorcycle,23,19,4
2026-04-17T02:00:00+02:00,pedestrian,2271,2376,-105
2026-04-17T02:00:00+02:00,pram,14,9,5
2026-04-17T02:00:00+02:00,scooter,2,3,-1
2026-04-17T02:00:00+02:00,tractor,2,0,2
2026-04-17T02:00:00+02:00,van,13,16,-3
2026-04-18T02:00:00+02:00,animal,12,10,2
2026-04-18T02:00:00+02:00,bicycle,70,81,-11
2026-04-18T02:00:00+02:00,car,407,338,69
2026-04-18T02:00:00+02:00,car trailer,2,5,-3
2026-04-18T02:00:00+02:00,light,2,1,1
2026-04-18T02:00:00+02:00,motorcycle,13,5,8
2026-04-18T02:00:00+02:00,pedestrian,2563,2731,-168
2026-04-18T02:00:00+02:00,pram,10,21,-11
2026-04-18T02:00:00+02:00,scooter,1,1,0
2026-04-18T02:00:00+02:00,van,10,11,-1
2026-04-18T02:00:00+02:00,wheelchair,1,0,1
2026-04-19T02:00:00+02:00,animal,12,6,6
2026-04-19T02:00:00+02:00,bicycle,64,62,2
2026-04-19T02:00:00+02:00,car,80,72,8
2026-04-19T02:00:00+02:00,car trailer,1,0,1
2026-04-19T02:00:00+02:00,light,2,2,0
2026-04-19T02:00:00+02:00,motorcycle,8,4,4
2026-04-19T02:00:00+02:00,pedestrian,1481,1465,16
2026-04-19T02:00:00+02:00,pram,10,10,0
2026-04-19T02:00:00+02:00,scooter,3,3,0
2026-04-19T02:00:00+02:00,van,6,10,-4
2026-04-19T02:00:00+02:00,wheelchair,2,1,1
2026-04-20T02:00:00+02:00,animal,25,20,5
2026-04-20T02:00:00+02:00,bicycle,96,75,21
2026-04-20T02:00:00+02:00,car,90,87,3
2026-04-20T02:00:00+02:00,light,9,11,-2
2026-04-20T02:00:00+02:00,motorcycle,8,6,2
2026-04-20T02:00:00+02:00,pedestrian,1718,1623,95
2026-04-20T02:00:00+02:00,pram,31,23,8
2026-04-20T02:00:00+02:00,scooter,2,2,0
2026-04-20T02:00:00+02:00,van,13,12,1
2026-04-20T02:00:00+02:00,wheelchair,1,0,1
2026-04-21T02:00:00+02:00,animal,22,9,13
2026-04-21T02:00:00+02:00,bicycle,90,89,1
2026-04-21T02:00:00+02:00,car,273,271,2
2026-04-21T02:00:00+02:00,light,4,7,-3
2026-04-21T02:00:00+02:00,motorcycle,11,8,3
2026-04-21T02:00:00+02:00,pedestrian,1429,1351,78
2026-04-21T02:00:00+02:00,pram,28,15,13
2026-04-21T02:00:00+02:00,scooter,3,0,3
2026-04-21T02:00:00+02:00,van,10,6,4
2026-04-21T02:00:00+02:00,wheelchair,2,2,0
2026-04-22T02:00:00+02:00,animal,14,7,7
2026-04-22T02:00:00+02:00,bicycle,71,84,-13
2026-04-22T02:00:00+02:00,car,283,305,-22
2026-04-22T02:00:00+02:00,light,4,1,3
2026-04-22T02:00:00+02:00,motorcycle,19,8,11
2026-04-22T02:00:00+02:00,pedestrian,1274,1288,-14
2026-04-22T02:00:00+02:00,pram,18,17,1
2026-04-22T02:00:00+02:00,scooter,0,1,-1
2026-04-22T02:00:00+02:00,van,19,14,5
2026-04-22T02:00:00+02:00,wheelchair,0,1,-1
2026-04-23T02:00:00+02:00,animal,14,5,9
2026-04-23T02:00:00+02:00,bicycle,98,109,-11
2026-04-23T02:00:00+02:00,car,228,215,13
2026-04-23T02:00:00+02:00,light,5,5,0
2026-04-23T02:00:00+02:00,motorcycle,20,13,7
2026-04-23T02:00:00+02:00,pedestrian,1347,1320,27
2026-04-23T02:00:00+02:00,pram,33,27,6
2026-04-23T02:00:00+02:00,scooter,6,1,5
2026-04-23T02:00:00+02:00,van,46,48,-2
2026-04-23T02:00:00+02:00,wheelchair,1,2,-1
2026-04-24T02:00:00+02:00,animal,15,12,3
2026-04-24T02:00:00+02:00,bicycle,113,59,54
2026-04-24T02:00:00+02:00,bus,0,1,-1
2026-04-24T02:00:00+02:00,car,288,295,-7
2026-04-24T02:00:00+02:00,light,4,7,-3
2026-04-24T02:00:00+02:00,motorcycle,64,50,14
2026-04-24T02:00:00+02:00,pedestrian,1815,1631,184
2026-04-24T02:00:00+02:00,pram,17,14,3
2026-04-24T02:00:00+02:00,tractor,1,1,0
2026-04-24T02:00:00+02:00,van,77,71,6
2026-04-25T02:00:00+02:00,animal,13,9,4
2026-04-25T02:00:00+02:00,bicycle,88,77,11
2026-04-25T02:00:00+02:00,car,318,372,-54
2026-04-25T02:00:00+02:00,light,2,2,0
2026-04-25T02:00:00+02:00,motorcycle,11,8,3
2026-04-25T02:00:00+02:00,pedestrian,2265,2340,-75
2026-04-25T02:00:00+02:00,pram,22,28,-6
2026-04-25T02:00:00+02:00,scooter,5,2,3
2026-04-25T02:00:00+02:00,van,4,5,-1
2026-04-25T02:00:00+02:00,wheelchair,0,1,-1
2026-04-26T02:00:00+02:00,animal,7,7,0
2026-04-26T02:00:00+02:00,bicycle,42,47,-5
2026-04-26T02:00:00+02:00,car,404,367,37
2026-04-26T02:00:00+02:00,light,2,0,2
2026-04-26T02:00:00+02:00,motorcycle,7,2,5
2026-04-26T02:00:00+02:00,pedestrian,880,864,16
2026-04-26T02:00:00+02:00,pram,24,18,6
2026-04-26T02:00:00+02:00,scooter,2,1,1
2026-04-26T02:00:00+02:00,van,3,3,0
2026-04-26T02:00:00+02:00,wheelchair,0,1,-1
2026-04-27T02:00:00+02:00,animal,8,8,0
2026-04-27T02:00:00+02:00,bicycle,57,64,-7
2026-04-27T02:00:00+02:00,car,325,330,-5
2026-04-27T02:00:00+02:00,car trailer,1,2,-1
2026-04-27T02:00:00+02:00,light,8,8,0
2026-04-27T02:00:00+02:00,motorcycle,7,5,2
2026-04-27T02:00:00+02:00,pedestrian,986,982,4
2026-04-27T02:00:00+02:00,pram,21,18,3
2026-04-27T02:00:00+02:00,scooter,3,5,-2
2026-04-27T02:00:00+02:00,van,21,17,4
2026-04-27T02:00:00+02:00,wheelchair,3,4,-1
2026-04-28T02:00:00+02:00,animal,12,4,8
2026-04-28T02:00:00+02:00,bicycle,48,51,-3
2026-04-28T02:00:00+02:00,bus,2,0,2
2026-04-28T02:00:00+02:00,car,208,207,1
2026-04-28T02:00:00+02:00,car trailer,0,3,-3
2026-04-28T02:00:00+02:00,light,24,25,-1
2026-04-28T02:00:00+02:00,motorcycle,4,10,-6
2026-04-28T02:00:00+02:00,pedestrian,947,983,-36
2026-04-28T02:00:00+02:00,pram,8,13,-5
2026-04-28T02:00:00+02:00,scooter,1,0,1
2026-04-28T02:00:00+02:00,van,50,46,4
2026-04-28T02:00:00+02:00,wheelchair,1,0,1
2026-04-29T02:00:00+02:00,animal,10,2,8
2026-04-29T02:00:00+02:00,bicycle,82,68,14
2026-04-29T02:00:00+02:00,car,95,91,4
2026-04-29T02:00:00+02:00,light,17,8,9
2026-04-29T02:00:00+02:00,motorcycle,8,9,-1
2026-04-29T02:00:00+02:00,pedestrian,871,971,-100
2026-04-29T02:00:00+02:00,pram,15,23,-8
2026-04-29T02:00:00+02:00,scooter,0,2,-2
2026-04-29T02:00:00+02:00,van,48,56,-8
2026-04-30T02:00:00+02:00,animal,11,3,8
2026-04-30T02:00:00+02:00,bicycle,68,67,1
2026-04-30T02:00:00+02:00,car,74,63,11
2026-04-30T02:00:00+02:00,light,14,10,4
2026-04-30T02:00:00+02:00,motorcycle,9,9,0
2026-04-30T02:00:00+02:00,pedestrian,1187,1172,15
2026-04-30T02:00:00+02:00,pram,28,28,0
2026-04-30T02:00:00+02:00,scooter,1,1,0
2026-04-30T02:00:00+02:00,van,22,15,7
2026-04-30T02:00:00+02:00,wheelchair,1,0,1
2026-05-01T02:00:00+02:00,animal,13,8,5
2026-05-01T02:00:00+02:00,bicycle,81,74,7
2026-05-01T02:00:00+02:00,car,268,288,-20
2026-05-01T02:00:00+02:00,car trailer,1,1,0
2026-05-01T02:00:00+02:00,light,4,7,-3
2026-05-01T02:00:00+02:00,motorcycle,19,10,9
2026-05-01T02:00:00+02:00,pedestrian,1991,1836,155
2026-05-01T02:00:00+02:00,pram,25,19,6
2026-05-01T02:00:00+02:00,scooter,1,2,-1
2026-05-01T02:00:00+02:00,tractor,1,1,0
2026-05-01T02:00:00+02:00,van,32,31,1
2026-05-02T02:00:00+02:00,animal,14,20,-6
2026-05-02T02:00:00+02:00,bicycle,90,81,9
2026-05-02T02:00:00+02:00,bus,0,1,-1
2026-05-02T02:00:00+02:00,car,261,274,-13
2026-05-02T02:00:00+02:00,light,4,1,3
2026-05-02T02:00:00+02:00,motorcycle,5,11,-6
2026-05-02T02:00:00+02:00,pedestrian,1781,1803,-22
2026-05-02T02:00:00+02:00,pram,24,29,-5
2026-05-02T02:00:00+02:00,scooter,2,2,0
2026-05-02T02:00:00+02:00,van,12,13,-1
2026-05-02T02:00:00+02:00,wheelchair,1,0,1
2026-05-03T02:00:00+02:00,animal,4,6,-2
2026-05-03T02:00:00+02:00,bicycle,54,72,-18
2026-05-03T02:00:00+02:00,car,268,252,16
2026-05-03T02:00:00+02:00,car trailer,1,0,1
2026-05-03T02:00:00+02:00,light,4,2,2
2026-05-03T02:00:00+02:00,motorcycle,4,5,-1
2026-05-03T02:00:00+02:00,pedestrian,626,669,-43
2026-05-03T02:00:00+02:00,pram,6,13,-7
2026-05-03T02:00:00+02:00,scooter,1,0,1
2026-05-03T02:00:00+02:00,van,34,44,-10
2026-05-04T02:00:00+02:00,animal,4,8,-4
2026-05-04T02:00:00+02:00,bicycle,84,85,-1
2026-05-04T02:00:00+02:00,car,416,418,-2
2026-05-04T02:00:00+02:00,car trailer,0,1,-1
2026-05-04T02:00:00+02:00,light,14,8,6
2026-05-04T02:00:00+02:00,motorcycle,12,12,0
2026-05-04T02:00:00+02:00,pedestrian,1112,1172,-60
2026-05-04T02:00:00+02:00,pram,27,25,2
2026-05-04T02:00:00+02:00,scooter,2,2,0
2026-05-04T02:00:00+02:00,van,106,100,6
2026-05-05T02:00:00+02:00,animal,5,8,-3
2026-05-05T02:00:00+02:00,bicycle,78,81,-3
2026-05-05T02:00:00+02:00,car,296,315,-19
2026-05-05T02:00:00+02:00,car trailer,1,0,1
2026-05-05T02:00:00+02:00,light,6,6,0
2026-05-05T02:00:00+02:00,motorcycle,11,13,-2
2026-05-05T02:00:00+02:00,pedestrian,1530,1564,-34
2026-05-05T02:00:00+02:00,pram,12,24,-12
2026-05-05T02:00:00+02:00,scooter,4,2,2
2026-05-05T02:00:00+02:00,van,81,72,9
2026-05-05T02:00:00+02:00,wheelchair,1,1,0
2026-05-06T02:00:00+02:00,animal,3,7,-4
2026-05-06T02:00:00+02:00,bicycle,83,91,-8
2026-05-06T02:00:00+02:00,car,239,230,9
2026-05-06T02:00:00+02:00,car trailer,3,2,1
2026-05-06T02:00:00+02:00,light,17,10,7
2026-05-06T02:00:00+02:00,motorcycle,18,17,1
2026-05-06T02:00:00+02:00,pedestrian,1572,1614,-42
2026-05-06T02:00:00+02:00,pram,19,19,0
2026-05-06T02:00:00+02:00,scooter,3,5,-2
2026-05-06T02:00:00+02:00,van,35,17,18
2026-05-06T02:00:00+02:00,wheelchair,1,1,0
2026-05-07T02:00:00+02:00,animal,10,7,3
2026-05-07T02:00:00+02:00,bicycle,78,81,-3
2026-05-07T02:00:00+02:00,car,198,222,-24
2026-05-07T02:00:00+02:00,car trailer,1,0,1
2026-05-07T02:00:00+02:00,light,14,8,6
2026-05-07T02:00:00+02:00,motorcycle,15,15,0
2026-05-07T02:00:00+02:00,pedestrian,1647,1590,57
2026-05-07T02:00:00+02:00,pram,19,21,-2
2026-05-07T02:00:00+02:00,scooter,2,2,0
2026-05-07T02:00:00+02:00,van,40,24,16
2026-05-08T02:00:00+02:00,animal,2,2,0
2026-05-08T02:00:00+02:00,bicycle,7,5,2
2026-05-08T02:00:00+02:00,car,33,39,-6
2026-05-08T02:00:00+02:00,car trailer,0,1,-1
2026-05-08T02:00:00+02:00,light,11,5,6
2026-05-08T02:00:00+02:00,motorcycle,0,1,-1
2026-05-08T02:00:00+02:00,pedestrian,60,30,30
2026-05-08T02:00:00+02:00,pram,0,2,-2
2026-05-08T02:00:00+02:00,tractor,1,0,1
2026-05-08T02:00:00+02:00,van,3,3,0
