event_category,event_start,event_end,event_datetime,Time,Event URL
Workshop,2025-05-26,2026-09-26,2025-05-26 10:00:00,10:00,https://www.kultunaut.dk/perl/arrmore/type-nynaut?ArrNr=18818221
Andet motionstilbud,2025-08-19,2026-05-05,2025-08-19 12:00:00,See description,https://www.kultunaut.dk/perl/arrmore/type-nynaut?ArrNr=19355798
Andet motionstilbud,2025-08-19,2026-05-05,2025-08-19 08:45:00,08.45,https://www.kultunaut.dk/perl/arrmore/type-nynaut?ArrNr=19352209
Andet motionstilbud,2025-08-20,2026-05-20,2025-08-20 12:00:00,See description,https://www.kultunaut.dk/perl/arrmore/type-nynaut?ArrNr=19797921
Andet motionstilbud,2025-08-20,2026-05-20,2025-08-20 18:45:00,18.45,https://www.kultunaut.dk/perl/arrmore/type-nynaut?ArrNr=19797821
Gymnastik/aerobic,2025-08-20,2026-06-17,2025-08-20 18:50:00,18.50,https://www.kultunaut.dk/perl/arrmore/type-nynaut?ArrNr=19797871
Andet motionstilbud,2025-08-21,2026-05-07,2025-08-21 15:15:00,15.15,https://www.kultunaut.dk/perl/arrmore/type-nynaut?ArrNr=19868566
Andet motionstilbud,2025-08-22,2026-05-08,2025-08-22 12:00:00,See description,https://www.kultunaut.dk/perl/arrmore/type-nynaut?ArrNr=19868511
Undervisning,2025-08-28,2026-04-30,2025-08-28 18:10:00,18.10,https://www.kultunaut.dk/perl/arrmore/type-nynaut?ArrNr=19351409
Andet motionstilbud,2025-09-01,2026-04-29,2025-09-01 12:00:00,See description,https://www.kultunaut.dk/perl/arrmore/type-nynaut?ArrNr=19868779
Andet motionstilbud,2025-09-01,2026-06-01,2025-09-01 12:45:00,12.45,https://www.kultunaut.dk/perl/arrmore/type-nynaut?ArrNr=19937257
Andet motionstilbud,2025-09-02,2026-04-28,2025-09-02 09:30:00,09:30,https://www.kultunaut.dk/perl/arrmore/type-nynaut?ArrNr=19100461
Andet motionstilbud,2025-09-02,2026-05-12,2025-09-02 15:45:00,15.45,https://www.kultunaut.dk/perl/arrmore/type-nynaut?ArrNr=19406806
Andet motionstilbud,2025-09-03,2026-05-06,2025-09-03 12:00:00,See description,https://www.kultunaut.dk/perl/arrmore/type-nynaut?ArrNr=19868476
Undervisning,2025-10-20,2026-06-29,2025-10-20 17:00:00,17:00,https://www.kultunaut.dk/perl/arrmore/type-nynaut?ArrNr=19262679
Undervisning,2025-10-22,2026-06-24,2025-10-22 17:00:00,17:00,https://www.kultunaut.dk/perl/arrmore/type-nynaut?ArrNr=19262683
Billedkunst,2026-01-01,2026-12-31,2026-01-01 11:00:00,11:00,https://www.kultunaut.dk/perl/arrmore/type-nynaut?ArrNr=19883092
Historisk,2026-01-02,2026-12-22,2026-01-02 10:00:00,10:00,https://www.kultunaut.dk/perl/arrmore/type-nynaut?ArrNr=18176130
Kunsthåndværk,2026-01-02,2026-12-22,2026-01-02 10:00:00,10:00,https://www.kultunaut.dk/perl/arrmore/type-nynaut?ArrNr=18176132
Installation,2026-01-02,2026-12-22,2026-01-02 10:00:00,10:00,https://www.kultunaut.dk/perl/arrmore/type-nynaut?ArrNr=18176140
Historisk,2026-01-02,2026-12-22,2026-01-02 10:00:00,10:00,https://www.kultunaut.dk/perl/arrmore/type-nynaut?ArrNr=18176141
Historisk,2026-01-02,2026-12-22,2026-01-02 10:00:00,10:00,https://www.kultunaut.dk/perl/arrmore/type-nynaut?ArrNr=19384145
Kunsthåndværk,2026-01-02,2027-12-22,2026-01-02 10:00:00,10:00,https://www.kultunaut.dk/perl/arrmore/type-nynaut?ArrNr=18925206
Undervisning,2026-01-05,2026-06-01,2026-01-05 12:00:00,See description,https://www.kultunaut.dk/perl/arrmore/type-nynaut?ArrNr=19728058
Gymnastik/aerobic,2026-01-05,2026-06-15,2026-01-05 18:45:00,18.45,https://www.kultunaut.dk/perl/arrmore/type-nynaut?ArrNr=19728689
Undervisning,2026-01-06,2026-05-19,2026-01-06 12:00:00,See description,https://www.kultunaut.dk/perl/arrmore/type-nynaut?ArrNr=19728230
Gymnastik/aerobic,2026-01-06,2026-05-26,2026-01-06 11:30:00,11.30,https://www.kultunaut.dk/perl/arrmore/type-nynaut?ArrNr=19728712
Andet motionstilbud,2026-01-06,2026-06-09,2026-01-06 16:30:00,16.30,https://www.kultunaut.dk/perl/arrmore/type-nynaut?ArrNr=19728497
Gymnastik/aerobic,2026-01-06,2026-06-16,2026-01-06 11:45:00,11.45,https://www.kultunaut.dk/perl/arrmore/type-nynaut?ArrNr=19728687
Gymnastik/aerobic,2026-01-07,2026-04-29,2026-01-07 09:30:00,09.30,https://www.kultunaut.dk/perl/arrmore/type-nynaut?ArrNr=19858958
Undervisning,2026-01-07,2026-05-27,2026-01-07 12:40:00,12.40,https://www.kultunaut.dk/perl/arrmore/type-nynaut?ArrNr=19728049
Gymnastik/aerobic,2026-01-07,2026-06-03,2026-01-07 12:15:00,12.15,https://www.kultunaut.dk/perl/arrmore/type-nynaut?ArrNr=19728599
Andet motionstilbud,2026-01-07,2026-06-10,2026-01-07 08:30:00,08.30,https://www.kultunaut.dk/perl/arrmore/type-nynaut?ArrNr=19728416
Gymnastik/aerobic,2026-01-07,2026-06-17,2026-01-07 17:30:00,17.30,https://www.kultunaut.dk/perl/arrmore/type-nynaut?ArrNr=19728345
Andet motionstilbud,2026-01-07,2026-06-17,2026-01-07 20:30:00,20.30,https://www.kultunaut.dk/perl/arrmore/type-nynaut?ArrNr=19728006
Undervisning,2026-01-07,2026-06-24,2026-01-07 19:30:00,19.30,https://www.kultunaut.dk/perl/arrmore/type-nynaut?ArrNr=19728707
Gymnastik/aerobic,2026-01-08,2026-04-30,2026-01-08 18:15:00,18.15,https://www.kultunaut.dk/perl/arrmore/type-nynaut?ArrNr=19728710
Andet motionstilbud,2026-01-08,2026-05-21,2026-01-08 11:30:00,11.30,https://www.kultunaut.dk/perl/arrmore/type-nynaut?ArrNr=19728631
Gymnastik/aerobic,2026-01-08,2026-06-18,2026-01-08 18:30:00,18.30,https://www.kultunaut.dk/perl/arrmore/type-nynaut?ArrNr=19728022
Undervisning,2026-01-12,2026-05-04,2026-01-12 21:15:00,21.15,https://www.kultunaut.dk/perl/arrmore/type-nynaut?ArrNr=19728558
Undervisning,2026-01-12,2026-05-11,2026-01-12 11:50:00,11.50,https://www.kultunaut.dk/perl/arrmore/type-nynaut?ArrNr=19728606
Undervisning,2026-01-12,2026-05-18,2026-01-12 18:30:00,18.30,https://www.kultunaut.dk/perl/arrmore/type-nynaut?ArrNr=19728431
Skøjteløb,2026-01-13,2026-05-09,2026-01-13 20:30:00,20.30,https://www.kultunaut.dk/perl/arrmore/type-nynaut?ArrNr=19751012
Undervisning,2026-01-13,2026-05-12,2026-01-13 11:50:00,11.50,https://www.kultunaut.dk/perl/arrmore/type-nynaut?ArrNr=19728053
Undervisning,2026-01-19,2026-04-27,2026-01-19 09:15:00,09.15,https://www.kultunaut.dk/perl/arrmore/type-nynaut?ArrNr=19351722
Undervisning,2026-01-22,2026-04-30,2026-01-22 12:40:00,12.40,https://www.kultunaut.dk/perl/arrmore/type-nynaut?ArrNr=19730958
Undervisning,2026-01-27,2026-05-05,2026-01-27 13:40:00,13.40,https://www.kultunaut.dk/perl/arrmore/type-nynaut?ArrNr=19728613
Undervisning,2026-01-27,2026-06-02,2026-01-27 12:00:00,See description,https://www.kultunaut.dk/perl/arrmore/type-nynaut?ArrNr=19978705
Møder,2026-02-17,2026-05-12,2026-02-17 12:00:00,See description,https://www.kultunaut.dk/perl/arrmore/type-nynaut?ArrNr=19644171
Undervisning,2026-02-19,2026-04-30,2026-02-19 15:45:00,15.45,https://www.kultunaut.dk/perl/arrmore/type-nynaut?ArrNr=19728644
Undervisning,2026-02-25,2026-05-06,2026-02-25 12:00:00,See description,https://www.kultunaut.dk/perl/arrmore/type-nynaut?ArrNr=19728624
Billedkunst,2026-02-26,2026-05-31,2026-02-26 23:59:00,23.59,https://www.kultunaut.dk/perl/arrmore/type-nynaut?ArrNr=19686824
Natur,2026-03-06,2026-05-31,2026-03-06 23:59:00,23.59,https://www.kultunaut.dk/perl/arrmore/type-nynaut?ArrNr=19863171
Andet motionstilbud,2026-03-09,2026-05-04,2026-03-09 16:45:00,16.45,https://www.kultunaut.dk/perl/arrmore/type-nynaut?ArrNr=19917892
Kunsthåndværk,2026-03-27,2026-10-25,2026-03-27 10:00:00,10:00,https://www.kultunaut.dk/perl/arrmore/type-nynaut?ArrNr=19997104
Kunsthåndværk,2026-03-27,2026-10-25,2026-03-27 10:00:00,10:00,https://www.kultunaut.dk/perl/arrmore/type-nynaut?ArrNr=19783845
Kunsthåndværk,2026-03-29,2026-08-30,2026-03-29 14:00:00,14:00,https://www.kultunaut.dk/perl/arrmore/type-nynaut?ArrNr=19741592
"Workshop, Børn",2026-03-31,2026-06-16,2026-03-31 10:00:00,10:00,https://www.kultunaut.dk/perl/arrmore/type-nynaut?ArrNr=19783847
Undervisning,2026-04-07,2026-05-28,2026-04-07 12:40:00,12.40,https://www.kultunaut.dk/perl/arrmore/type-nynaut?ArrNr=19895567
Undervisning,2026-04-09,2026-05-07,2026-04-09 21:30:00,21.30,https://www.kultunaut.dk/perl/arrmore/type-nynaut?ArrNr=19773828
Undervisning,2026-04-09,2026-05-28,2026-04-09 12:00:00,See description,https://www.kultunaut.dk/perl/arrmore/type-nynaut?ArrNr=19861899
Natur,2026-04-10,2026-06-26,2026-04-10 15:00:00,15:00,https://www.kultunaut.dk/perl/arrmore/type-nynaut?ArrNr=19710116
Gymnastik/aerobic,2026-04-13,2026-05-18,2026-04-13 14:30:00,14.30,https://www.kultunaut.dk/perl/arrmore/type-nynaut?ArrNr=19728073
Undervisning,2026-04-13,2026-05-18,2026-04-13 15:30:00,15.30,https://www.kultunaut.dk/perl/arrmore/type-nynaut?ArrNr=19728010
Andet motionstilbud,2026-04-13,2026-05-18,2026-04-13 18:30:00,18.30,https://www.kultunaut.dk/perl/arrmore/type-nynaut?ArrNr=19728130
Workshop,2026-04-15,2026-05-06,2026-04-15 17:00:00,17:00,https://www.kultunaut.dk/perl/arrmore/type-nynaut?ArrNr=19586089
Undervisning,2026-04-15,2026-06-17,2026-04-15 17:15:00,17.15,https://www.kultunaut.dk/perl/arrmore/type-nynaut?ArrNr=19852314
Danseundervisning,2026-04-15,2026-06-17,2026-04-15 18:30:00,18.30,https://www.kultunaut.dk/perl/arrmore/type-nynaut?ArrNr=19735952
Undervisning,2026-04-16,2026-05-28,2026-04-16 10:00:00,10:00,https://www.kultunaut.dk/perl/arrmore/type-nynaut?ArrNr=19808856
Omvisning,2026-04-19,2026-06-21,2026-04-19 10:30:00,10:30,https://www.kultunaut.dk/perl/arrmore/type-nynaut?ArrNr=19728865
Workshop,2026-04-21,2026-08-25,2026-04-21 17:00:00,17:00,https://www.kultunaut.dk/perl/arrmore/type-nynaut?ArrNr=19710120
Foredrag,2026-04-22,2026-05-07,2026-04-22 18:30:00,18:30,https://www.kultunaut.dk/perl/arrmore/type-nynaut?ArrNr=19084640
Undervisning,2026-04-23,2026-08-17,2026-04-23 12:00:00,See description,https://www.kultunaut.dk/perl/arrmore/type-nynaut?ArrNr=19728094
Omvisning,2026-04-24,2026-06-27,2026-04-24 11:00:00,11:00,https://www.kultunaut.dk/perl/arrmore/type-nynaut?ArrNr=19896587
Omvisning,2026-04-25,2026-06-28,2026-04-25 11:00:00,11:00,https://www.kultunaut.dk/perl/arrmore/type-nynaut?ArrNr=19896586
Musik,2026-04-27,2026-04-27,2026-04-27 12:00:00,See description,https://www.kultunaut.dk/perl/arrmore/type-nynaut?ArrNr=19759320
Foredrag,2026-04-27,2026-04-27,2026-04-27 19:30:00,19:30,https://www.kultunaut.dk/perl/arrmore/type-nynaut?ArrNr=19491658
Andet,2026-04-27,2026-04-27,2026-04-27 20:30:00,20:30,https://www.kultunaut.dk/perl/arrmore/type-nynaut?ArrNr=19535616
Ketchersport,2026-04-27,2026-04-27,2026-04-27 12:00:00,See description,https://www.kultunaut.dk/perl/arrmore/type-nynaut?ArrNr=19810186
Andet motionstilbud,2026-04-27,2026-04-27,2026-04-27 12:00:00,See description,https://www.kultunaut.dk/perl/arrmore/type-nynaut?ArrNr=19810841
Fitness/styrketræning,2026-04-27,2026-04-27,2026-04-27 10:15:00,10.15,https://www.kultunaut.dk/perl/arrmore/type-nynaut?ArrNr=19810233
Andet motionstilbud,2026-04-27,2026-04-27,2026-04-27 09:30:00,09.30,https://www.kultunaut.dk/perl/arrmore/type-nynaut?ArrNr=19810695
Vandretur/stavgang,2026-04-27,2026-04-27,2026-04-27 11:30:00,11.30,https://www.kultunaut.dk/perl/arrmore/type-nynaut?ArrNr=19810800
Fitness/styrketræning,2026-04-27,2026-04-27,2026-04-27 10:45:00,10.45,https://www.kultunaut.dk/perl/arrmore/type-nynaut?ArrNr=19810408
Dokumentar,2026-04-27,2026-04-27,2026-04-27 11:30:00,11.30,https://www.kultunaut.dk/perl/arrmore/type-nynaut?ArrNr=19879655
Action/Drama,2026-04-27,2026-04-27,2026-04-27 11:30:00,11.30,https://www.kultunaut.dk/perl/arrmore/type-nynaut?ArrNr=19879287
Tegnefilm/Animation,2026-04-27,2026-04-27,2026-04-27 11:30:00,11.30,https://www.kultunaut.dk/perl/arrmore/type-nynaut?ArrNr=19879606
Action/Drama,2026-04-27,2026-04-27,2026-04-27 11:40:00,11.40,https://www.kultunaut.dk/perl/arrmore/type-nynaut?ArrNr=19880306
Andet motionstilbud,2026-04-27,2026-04-27,2026-04-27 12:00:00,See description,https://www.kultunaut.dk/perl/arrmore/type-nynaut?ArrNr=19810467
Andet motionstilbud,2026-04-27,2026-04-27,2026-04-27 12:00:00,See description,https://www.kultunaut.dk/perl/arrmore/type-nynaut?ArrNr=19810705
Andet motionstilbud,2026-04-27,2026-04-27,2026-04-27 12:00:00,See description,https://www.kultunaut.dk/perl/arrmore/type-nynaut?ArrNr=19810248
Science Fiction,2026-04-27,2026-04-27,2026-04-27 13:45:00,13.45,https://www.kultunaut.dk/perl/arrmore/type-nynaut?ArrNr=19879398
Action/Drama,2026-04-27,2026-04-27,2026-04-27 14:30:00,14.30,https://www.kultunaut.dk/perl/arrmore/type-nynaut?ArrNr=19879652
Gymnastik/aerobic,2026-04-27,2026-04-27,2026-04-27 15:20:00,15.20,https://www.kultunaut.dk/perl/arrmore/type-nynaut?ArrNr=19810492
Action/Drama,2026-04-27,2026-04-27,2026-04-27 12:00:00,See description,https://www.kultunaut.dk/perl/arrmore/type-nynaut?ArrNr=19848187
"Lyrik/oplæsning, Børn",2026-04-27,2026-04-27,2026-04-27 12:00:00,See description,https://www.kultunaut.dk/perl/arrmore/type-nynaut?ArrNr=19346304
Andre Film,2026-04-27,2026-04-27,2026-04-27 16:30:00,16.30,https://www.kultunaut.dk/perl/arrmore/type-nynaut?ArrNr=19847345
Lyrik/oplæsning,2026-04-27,2026-04-27,2026-04-27 16:30:00,16.30,https://www.kultunaut.dk/perl/arrmore/type-nynaut?ArrNr=19358217
"Danseundervisning, Børn",2026-04-27,2026-04-27,2026-04-27 17:55:00,17.55,https://www.kultunaut.dk/perl/arrmore/type-nynaut?ArrNr=19810051
"Andet boldspil, Børn",2026-04-27,2026-04-27,2026-04-27 18:30:00,18.30,https://www.kultunaut.dk/perl/arrmore/type-nynaut?ArrNr=19810621
Andet,2026-04-27,2026-04-27,2026-04-27 12:00:00,See description,https://www.kultunaut.dk/perl/arrmore/type-nynaut?ArrNr=19725287
"Løbetræning/jogging, Børn",2026-04-27,2026-04-27,2026-04-27 17:15:00,17.15,https://www.kultunaut.dk/perl/arrmore/type-nynaut?ArrNr=19810761
"Danseundervisning, Børn",2026-04-27,2026-04-27,2026-04-27 17:30:00,17.30,https://www.kultunaut.dk/perl/arrmore/type-nynaut?ArrNr=19810676
For børn,2026-04-27,2026-04-27,2026-04-27 12:00:00,See description,https://www.kultunaut.dk/perl/arrmore/type-nynaut?ArrNr=19810830
"Danseundervisning, Børn",2026-04-27,2026-04-27,2026-04-27 18:05:00,18.05,https://www.kultunaut.dk/perl/arrmore/type-nynaut?ArrNr=19810708
Andet motionstilbud,2026-04-27,2026-04-27,2026-04-27 18:30:00,18.30,https://www.kultunaut.dk/perl/arrmore/type-nynaut?ArrNr=19810440
Foredrag,2026-04-27,2026-04-27,2026-04-27 12:00:00,See description,https://www.kultunaut.dk/perl/arrmore/type-nynaut?ArrNr=19415361
Gymnastik/aerobic,2026-04-27,2026-04-27,2026-04-27 12:00:00,See description,https://www.kultunaut.dk/perl/arrmore/type-nynaut?ArrNr=19810714
Foredrag,2026-04-27,2026-04-27,2026-04-27 12:00:00,See description,https://www.kultunaut.dk/perl/arrmore/type-nynaut?ArrNr=19455992
Andet motionstilbud,2026-04-27,2026-04-27,2026-04-27 12:00:00,See description,https://www.kultunaut.dk/perl/arrmore/type-nynaut?ArrNr=19810579
"Danseundervisning, Børn",2026-04-27,2026-04-27,2026-04-27 19:10:00,19.10,https://www.kultunaut.dk/perl/arrmore/type-nynaut?ArrNr=19810209
Gymnastik/aerobic,2026-04-27,2026-04-27,2026-04-27 19:15:00,19.15,https://www.kultunaut.dk/perl/arrmore/type-nynaut?ArrNr=19810031
Andet boldspil,2026-04-27,2026-04-27,2026-04-27 19:15:00,19.15,https://www.kultunaut.dk/perl/arrmore/type-nynaut?ArrNr=19810541
Anden forestilling,2026-04-27,2026-04-27,2026-04-27 19:30:00,19.30,https://www.kultunaut.dk/perl/arrmore/type-nynaut?ArrNr=18739244
Skuespil,2026-04-27,2026-04-27,2026-04-27 19:30:00,19.30,https://www.kultunaut.dk/perl/arrmore/type-nynaut?ArrNr=19157404
Andre Film,2026-04-27,2026-04-27,2026-04-27 19:30:00,19.30,https://www.kultunaut.dk/perl/arrmore/type-nynaut?ArrNr=19847466
"Danseundervisning, Børn",2026-04-27,2026-04-27,2026-04-27 20:10:00,20.10,https://www.kultunaut.dk/perl/arrmore/type-nynaut?ArrNr=19810068
Thriller/Gyser,2026-04-27,2026-04-27,2026-04-27 21:15:00,21.15,https://www.kultunaut.dk/perl/arrmore/type-nynaut?ArrNr=19878826
Foredrag,2026-04-28,2026-04-28,2026-04-28 17:00:00,17:00,https://www.kultunaut.dk/perl/arrmore/type-nynaut?ArrNr=19839696
Folk/Vise/Country,2026-04-28,2026-04-28,2026-04-28 19:30:00,19:30,https://www.kultunaut.dk/perl/arrmore/type-nynaut?ArrNr=19802233
Andet motionstilbud,2026-04-28,2026-04-28,2026-04-28 12:00:00,See description,https://www.kultunaut.dk/perl/arrmore/type-nynaut?ArrNr=19813588
Andet motionstilbud,2026-04-28,2026-04-28,2026-04-28 09:30:00,09.30,https://www.kultunaut.dk/perl/arrmore/type-nynaut?ArrNr=19813835
Andre Film,2026-04-28,2026-04-28,2026-04-28 12:00:00,See description,https://www.kultunaut.dk/perl/arrmore/type-nynaut?ArrNr=19785330
Fitness/styrketræning,2026-04-28,2026-04-28,2026-04-28 12:00:00,See description,https://www.kultunaut.dk/perl/arrmore/type-nynaut?ArrNr=19813595
Gymnastik/aerobic,2026-04-28,2026-04-28,2026-04-28 12:00:00,See description,https://www.kultunaut.dk/perl/arrmore/type-nynaut?ArrNr=19813572
Fitness/styrketræning,2026-04-28,2026-04-28,2026-04-28 12:00:00,See description,https://www.kultunaut.dk/perl/arrmore/type-nynaut?ArrNr=19814087
Tegnefilm/Animation,2026-04-28,2026-04-28,2026-04-28 11:30:00,11.30,https://www.kultunaut.dk/perl/arrmore/type-nynaut?ArrNr=19879442
Action/Drama,2026-04-28,2026-04-28,2026-04-28 11:30:00,11.30,https://www.kultunaut.dk/perl/arrmore/type-nynaut?ArrNr=19879418
Tegnefilm/Animation,2026-04-28,2026-04-28,2026-04-28 16:20:00,16.20,https://www.kultunaut.dk/perl/arrmore/type-nynaut?ArrNr=19879279
Action/Drama,2026-04-28,2026-04-28,2026-04-28 12:15:00,12.15,https://www.kultunaut.dk/perl/arrmore/type-nynaut?ArrNr=19880591
Danseundervisning,2026-04-28,2026-04-28,2026-04-28 12:00:00,See description,https://www.kultunaut.dk/perl/arrmore/type-nynaut?ArrNr=19813587
Andet motionstilbud,2026-04-28,2026-04-28,2026-04-28 12:00:00,See description,https://www.kultunaut.dk/perl/arrmore/type-nynaut?ArrNr=19813828
Andre Film,2026-04-28,2026-04-28,2026-04-28 12:00:00,See description,https://www.kultunaut.dk/perl/arrmore/type-nynaut?ArrNr=19847243
Komedie/Romantik,2026-04-28,2026-04-28,2026-04-28 12:00:00,See description,https://www.kultunaut.dk/perl/arrmore/type-nynaut?ArrNr=19879290
Dokumentar,2026-04-28,2026-04-28,2026-04-28 14:30:00,14.30,https://www.kultunaut.dk/perl/arrmore/type-nynaut?ArrNr=19880082
Gudstjeneste,2026-04-28,2026-04-28,2026-04-28 14:30:00,14.30,https://www.kultunaut.dk/perl/arrmore/type-nynaut?ArrNr=19783606
Komedie/Romantik,2026-04-28,2026-04-28,2026-04-28 14:50:00,14.50,https://www.kultunaut.dk/perl/arrmore/type-nynaut?ArrNr=19879445
"Lyrik/oplæsning, Børn",2026-04-28,2026-04-28,2026-04-28 12:00:00,See description,https://www.kultunaut.dk/perl/arrmore/type-nynaut?ArrNr=19346100
"Kampsporttræning, Børn",2026-04-28,2026-04-28,2026-04-28 16:30:00,16.30,https://www.kultunaut.dk/perl/arrmore/type-nynaut?ArrNr=19813529
Andet motionstilbud,2026-04-28,2026-04-28,2026-04-28 16:30:00,16.30,https://www.kultunaut.dk/perl/arrmore/type-nynaut?ArrNr=19813982
Musik,2026-04-28,2026-04-28,2026-04-28 12:00:00,See description,https://www.kultunaut.dk/perl/arrmore/type-nynaut?ArrNr=19728569
"Kampsporttræning, Børn",2026-04-28,2026-04-28,2026-04-28 12:00:00,See description,https://www.kultunaut.dk/perl/arrmore/type-nynaut?ArrNr=19813973
"Andet motionstilbud, Børn",2026-04-28,2026-04-28,2026-04-28 18:30:00,18.30,https://www.kultunaut.dk/perl/arrmore/type-nynaut?ArrNr=19813966
Møder,2026-04-28,2026-04-28,2026-04-28 12:00:00,See description,https://www.kultunaut.dk/perl/arrmore/type-nynaut?ArrNr=19804119
Ketchersport,2026-04-28,2026-04-28,2026-04-28 12:00:00,See description,https://www.kultunaut.dk/perl/arrmore/type-nynaut?ArrNr=19908287
"Ketchersport, Børn",2026-04-28,2026-04-28,2026-04-28 12:00:00,See description,https://www.kultunaut.dk/perl/arrmore/type-nynaut?ArrNr=19813638
"Ketchersport, Børn",2026-04-28,2026-04-28,2026-04-28 17:15:00,17.15,https://www.kultunaut.dk/perl/arrmore/type-nynaut?ArrNr=19813795
Action/Drama,2026-04-28,2026-04-28,2026-04-28 17:30:00,17.30,https://www.kultunaut.dk/perl/arrmore/type-nynaut?ArrNr=19880638
"Kampsporttræning, Børn",2026-04-28,2026-04-28,2026-04-28 17:30:00,17.30,https://www.kultunaut.dk/perl/arrmore/type-nynaut?ArrNr=19813818
Fodboldtræning,2026-04-28,2026-04-28,2026-04-28 12:00:00,See description,https://www.kultunaut.dk/perl/arrmore/type-nynaut?ArrNr=19813604
"Kampsporttræning, Børn",2026-04-28,2026-04-28,2026-04-28 18:30:00,18.30,https://www.kultunaut.dk/perl/arrmore/type-nynaut?ArrNr=19813932
Andet motionstilbud,2026-04-28,2026-04-28,2026-04-28 18:30:00,18.30,https://www.kultunaut.dk/perl/arrmore/type-nynaut?ArrNr=19813923
Action/Drama,2026-04-28,2026-04-28,2026-04-28 12:00:00,See description,https://www.kultunaut.dk/perl/arrmore/type-nynaut?ArrNr=19848153
Foredrag,2026-04-28,2026-04-28,2026-04-28 20:30:00,20.30,https://www.kultunaut.dk/perl/arrmore/type-nynaut?ArrNr=19354167
Andet,2026-04-28,2026-04-28,2026-04-28 12:00:00,See description,https://www.kultunaut.dk/perl/arrmore/type-nynaut?ArrNr=18654219
Andet motionstilbud,2026-04-28,2026-04-28,2026-04-28 12:00:00,See description,https://www.kultunaut.dk/perl/arrmore/type-nynaut?ArrNr=19813542
Andet boldspil,2026-04-28,2026-04-28,2026-04-28 19:15:00,19.15,https://www.kultunaut.dk/perl/arrmore/type-nynaut?ArrNr=19813697
Anden forestilling,2026-04-28,2026-04-28,2026-04-28 19:30:00,19.30,https://www.kultunaut.dk/perl/arrmore/type-nynaut?ArrNr=18739723
Musik,2026-04-28,2026-04-28,2026-04-28 19:30:00,19.30,https://www.kultunaut.dk/perl/arrmore/type-nynaut?ArrNr=19346227
Andre Film,2026-04-28,2026-04-28,2026-04-28 19:30:00,19.30,https://www.kultunaut.dk/perl/arrmore/type-nynaut?ArrNr=19847501
Jazz,2026-04-28,2026-04-28,2026-04-28 19:30:00,19.30,https://www.kultunaut.dk/perl/arrmore/type-nynaut?ArrNr=19869377
"Andet motionstilbud, Børn",2026-04-28,2026-04-28,2026-04-28 12:00:00,See description,https://www.kultunaut.dk/perl/arrmore/type-nynaut?ArrNr=19813706
Thriller/Gyser,2026-04-28,2026-04-28,2026-04-28 21:15:00,21.15,https://www.kultunaut.dk/perl/arrmore/type-nynaut?ArrNr=19879462
Danseundervisning,2026-04-28,2026-06-23,2026-04-28 18:30:00,18.30,https://www.kultunaut.dk/perl/arrmore/type-nynaut?ArrNr=19728367
Ekskursion,2026-04-29,2026-04-29,2026-04-29 13:30:00,13:30,https://www.kultunaut.dk/perl/arrmore/type-nynaut?ArrNr=19659804
Ekskursion,2026-04-29,2026-04-29,2026-04-29 19:00:00,19:00,https://www.kultunaut.dk/perl/arrmore/type-nynaut?ArrNr=19834579
Rock/Pop,2026-04-29,2026-04-29,2026-04-29 19:00:00,19:00,https://www.kultunaut.dk/perl/arrmore/type-nynaut?ArrNr=19802244
Klassisk,2026-04-29,2026-04-29,2026-04-29 19:00:00,19:00,https://www.kultunaut.dk/perl/arrmore/type-nynaut?ArrNr=19859773
Andet,2026-04-29,2026-04-29,2026-04-29 20:00:00,20:00,https://www.kultunaut.dk/perl/arrmore/type-nynaut?ArrNr=19531945
Gymnastik/aerobic,2026-04-29,2026-04-29,2026-04-29 12:00:00,See description,https://www.kultunaut.dk/perl/arrmore/type-nynaut?ArrNr=19815293
Ketchersport,2026-04-29,2026-04-29,2026-04-29 12:00:00,See description,https://www.kultunaut.dk/perl/arrmore/type-nynaut?ArrNr=19815573
Gymnastik/aerobic,2026-04-29,2026-04-29,2026-04-29 12:00:00,See description,https://www.kultunaut.dk/perl/arrmore/type-nynaut?ArrNr=19815586
Baby/barsel,2026-04-29,2026-04-29,2026-04-29 12:00:00,See description,https://www.kultunaut.dk/perl/arrmore/type-nynaut?ArrNr=19692585
Andre Film,2026-04-29,2026-04-29,2026-04-29 12:00:00,See description,https://www.kultunaut.dk/perl/arrmore/type-nynaut?ArrNr=19847348
Andet motionstilbud,2026-04-29,2026-04-29,2026-04-29 12:00:00,See description,https://www.kultunaut.dk/perl/arrmore/type-nynaut?ArrNr=19815125
Andet boldspil,2026-04-29,2026-04-29,2026-04-29 12:00:00,See description,https://www.kultunaut.dk/perl/arrmore/type-nynaut?ArrNr=19815579
Danseundervisning,2026-04-29,2026-04-29,2026-04-29 10:15:00,10.15,https://www.kultunaut.dk/perl/arrmore/type-nynaut?ArrNr=19815618
Andet motionstilbud,2026-04-29,2026-04-29,2026-04-29 10:30:00,10.30,https://www.kultunaut.dk/perl/arrmore/type-nynaut?ArrNr=19815124
Andet motionstilbud,2026-04-29,2026-04-29,2026-04-29 12:00:00,See description,https://www.kultunaut.dk/perl/arrmore/type-nynaut?ArrNr=19815216
Tegnefilm/Animation,2026-04-29,2026-04-29,2026-04-29 11:30:00,11.30,https://www.kultunaut.dk/perl/arrmore/type-nynaut?ArrNr=19879437
Tegnefilm/Animation,2026-04-29,2026-04-29,2026-04-29 11:30:00,11.30,https://www.kultunaut.dk/perl/arrmore/type-nynaut?ArrNr=19880466
Science Fiction,2026-04-29,2026-04-29,2026-04-29 11:50:00,11.50,https://www.kultunaut.dk/perl/arrmore/type-nynaut?ArrNr=19880551
Action/Drama,2026-04-29,2026-04-29,2026-04-29 12:00:00,See description,https://www.kultunaut.dk/perl/arrmore/type-nynaut?ArrNr=19884424
Action/Drama,2026-04-29,2026-04-29,2026-04-29 12:30:00,12.30,https://www.kultunaut.dk/perl/arrmore/type-nynaut?ArrNr=19879632
Action/Drama,2026-04-29,2026-04-29,2026-04-29 12:40:00,12.40,https://www.kultunaut.dk/perl/arrmore/type-nynaut?ArrNr=19884511
Andet motionstilbud,2026-04-29,2026-04-29,2026-04-29 12:00:00,See description,https://www.kultunaut.dk/perl/arrmore/type-nynaut?ArrNr=19815317
Andre Film,2026-04-29,2026-04-29,2026-04-29 12:00:00,See description,https://www.kultunaut.dk/perl/arrmore/type-nynaut?ArrNr=19847774
Tegnefilm/Animation,2026-04-29,2026-04-29,2026-04-29 14:15:00,14.15,https://www.kultunaut.dk/perl/arrmore/type-nynaut?ArrNr=19884430
Skydning,2026-04-29,2026-04-29,2026-04-29 14:20:00,14.20,https://www.kultunaut.dk/perl/arrmore/type-nynaut?ArrNr=19815251
Omvisning,2026-04-29,2026-04-29,2026-04-29 12:00:00,See description,https://www.kultunaut.dk/perl/arrmore/type-nynaut?ArrNr=19701085
Foredrag,2026-04-29,2026-04-29,2026-04-29 12:00:00,See description,https://www.kultunaut.dk/perl/arrmore/type-nynaut?ArrNr=19868799
Dokumentar,2026-04-29,2026-04-29,2026-04-29 15:15:00,15.15,https://www.kultunaut.dk/perl/arrmore/type-nynaut?ArrNr=19878896
"Ketchersport, Børn",2026-04-29,2026-04-29,2026-04-29 12:00:00,See description,https://www.kultunaut.dk/perl/arrmore/type-nynaut?ArrNr=19907670
Andre Film,2026-04-29,2026-04-29,2026-04-29 21:10:00,21.10,https://www.kultunaut.dk/perl/arrmore/type-nynaut?ArrNr=19658283
Action/Drama,2026-04-29,2026-04-29,2026-04-29 16:30:00,16.30,https://www.kultunaut.dk/perl/arrmore/type-nynaut?ArrNr=19848123
Andre Film,2026-04-29,2026-04-29,2026-04-29 12:00:00,See description,https://www.kultunaut.dk/perl/arrmore/type-nynaut?ArrNr=19847680
"Danseundervisning, Børn",2026-04-29,2026-04-29,2026-04-29 17:55:00,17.55,https://www.kultunaut.dk/perl/arrmore/type-nynaut?ArrNr=19815074
"Andet motionstilbud, Børn",2026-04-29,2026-04-29,2026-04-29 12:00:00,See description,https://www.kultunaut.dk/perl/arrmore/type-nynaut?ArrNr=19815320
Møder,2026-04-29,2026-04-29,2026-04-29 12:00:00,See description,https://www.kultunaut.dk/perl/arrmore/type-nynaut?ArrNr=19410771
Andet,2026-04-29,2026-04-29,2026-04-29 20:30:00,20.30,https://www.kultunaut.dk/perl/arrmore/type-nynaut?ArrNr=19335758
Møder,2026-04-29,2026-04-29,2026-04-29 12:00:00,See description,https://www.kultunaut.dk/perl/arrmore/type-nynaut?ArrNr=19553944
Foredrag,2026-04-29,2026-04-29,2026-04-29 17:30:00,17:30,https://www.kultunaut.dk/perl/arrmore/type-nynaut?ArrNr=19653336
For børn,2026-04-29,2026-04-29,2026-04-29 17:30:00,17.30,https://www.kultunaut.dk/perl/arrmore/type-nynaut?ArrNr=19815380
Gymnastik/aerobic,2026-04-29,2026-04-29,2026-04-29 12:00:00,See description,https://www.kultunaut.dk/perl/arrmore/type-nynaut?ArrNr=19815476
"Danseundervisning, Børn",2026-04-29,2026-04-29,2026-04-29 18:05:00,18.05,https://www.kultunaut.dk/perl/arrmore/type-nynaut?ArrNr=19815292
"Kampsporttræning, Børn",2026-04-29,2026-04-29,2026-04-29 18:30:00,18.30,https://www.kultunaut.dk/perl/arrmore/type-nynaut?ArrNr=19815596
Håndboldkamp,2026-04-29,2026-04-29,2026-04-29 18:30:00,18.30,https://www.kultunaut.dk/perl/arrmore/type-nynaut?ArrNr=19862937
Andet motionstilbud,2026-04-29,2026-04-29,2026-04-29 18:30:00,18.30,https://www.kultunaut.dk/perl/arrmore/type-nynaut?ArrNr=19815656
Andre Film,2026-04-29,2026-04-29,2026-04-29 12:00:00,See description,https://www.kultunaut.dk/perl/arrmore/type-nynaut?ArrNr=19720412
Foredrag,2026-04-29,2026-04-29,2026-04-29 21:30:00,21.30,https://www.kultunaut.dk/perl/arrmore/type-nynaut?ArrNr=19587046
Komedie/Romantik,2026-04-29,2026-04-29,2026-04-29 19:30:00,19.30,https://www.kultunaut.dk/perl/arrmore/type-nynaut?ArrNr=19786672
Møder,2026-04-29,2026-04-29,2026-04-29 19:30:00,19.30,https://www.kultunaut.dk/perl/arrmore/type-nynaut?ArrNr=19774354
Rock/Pop,2026-04-29,2026-04-29,2026-04-29 12:00:00,See description,https://www.kultunaut.dk/perl/arrmore/type-nynaut?ArrNr=19906763
Andet motionstilbud,2026-04-29,2026-04-29,2026-04-29 12:00:00,See description,https://www.kultunaut.dk/perl/arrmore/type-nynaut?ArrNr=19815621
"Danseundervisning, Børn",2026-04-29,2026-04-29,2026-04-29 20:10:00,20.10,https://www.kultunaut.dk/perl/arrmore/type-nynaut?ArrNr=19815118
Komedie/Romantik,2026-04-29,2026-04-29,2026-04-29 12:00:00,See description,https://www.kultunaut.dk/perl/arrmore/type-nynaut?ArrNr=19879669
Thriller/Gyser,2026-04-29,2026-04-29,2026-04-29 21:15:00,21.15,https://www.kultunaut.dk/perl/arrmore/type-nynaut?ArrNr=19879672
Action/Drama,2026-04-29,2026-04-29,2026-04-29 21:15:00,21.15,https://www.kultunaut.dk/perl/arrmore/type-nynaut?ArrNr=19880480
Jazz,2026-04-30,2026-04-30,2026-04-30 12:00:00,See description,https://www.kultunaut.dk/perl/arrmore/type-nynaut?ArrNr=19896807
Workshop,2026-04-30,2026-04-30,2026-04-30 17:00:00,17:00,https://www.kultunaut.dk/perl/arrmore/type-nynaut?ArrNr=19741660
Vandretur/stavgang,2026-04-30,2026-04-30,2026-04-30 17:00:00,17:00,https://www.kultunaut.dk/perl/arrmore/type-nynaut?ArrNr=19896444
Andet motionstilbud,2026-04-30,2026-04-30,2026-04-30 12:00:00,See description,https://www.kultunaut.dk/perl/arrmore/type-nynaut?ArrNr=19819004
Fitness/styrketræning,2026-04-30,2026-04-30,2026-04-30 09:30:00,09.30,https://www.kultunaut.dk/perl/arrmore/type-nynaut?ArrNr=19817983
Andet motionstilbud,2026-04-30,2026-04-30,2026-04-30 09:30:00,09.30,https://www.kultunaut.dk/perl/arrmore/type-nynaut?ArrNr=19818397
Andet motionstilbud,2026-04-30,2026-04-30,2026-04-30 09:30:00,09.30,https://www.kultunaut.dk/perl/arrmore/type-nynaut?ArrNr=19818245
Vandretur/stavgang,2026-04-30,2026-04-30,2026-04-30 11:30:00,11.30,https://www.kultunaut.dk/perl/arrmore/type-nynaut?ArrNr=19817991
Møder,2026-04-30,2026-04-30,2026-04-30 12:00:00,See description,https://www.kultunaut.dk/perl/arrmore/type-nynaut?ArrNr=19850378
Andet motionstilbud,2026-04-30,2026-04-30,2026-04-30 10:15:00,10.15,https://www.kultunaut.dk/perl/arrmore/type-nynaut?ArrNr=19818479
Danseundervisning,2026-04-30,2026-04-30,2026-04-30 12:00:00,See description,https://www.kultunaut.dk/perl/arrmore/type-nynaut?ArrNr=19818802
Tegnefilm/Animation,2026-04-30,2026-04-30,2026-04-30 11:30:00,11.30,https://www.kultunaut.dk/perl/arrmore/type-nynaut?ArrNr=19906140
Tegnefilm/Animation,2026-04-30,2026-04-30,2026-04-30 11:30:00,11.30,https://www.kultunaut.dk/perl/arrmore/type-nynaut?ArrNr=19907225
Komedie/Romantik,2026-04-30,2026-04-30,2026-04-30 12:00:00,See description,https://www.kultunaut.dk/perl/arrmore/type-nynaut?ArrNr=19906979
Ekskursion,2026-04-30,2026-04-30,2026-04-30 12:00:00,See description,https://www.kultunaut.dk/perl/arrmore/type-nynaut?ArrNr=19626371
Gymnastik/aerobic,2026-04-30,2026-04-30,2026-04-30 12:15:00,12.15,https://www.kultunaut.dk/perl/arrmore/type-nynaut?ArrNr=19819002
Action/Drama,2026-04-30,2026-04-30,2026-04-30 12:15:00,12.15,https://www.kultunaut.dk/perl/arrmore/type-nynaut?ArrNr=19888109
Komedie/Romantik,2026-04-30,2026-04-30,2026-04-30 12:30:00,12.30,https://www.kultunaut.dk/perl/arrmore/type-nynaut?ArrNr=19870978
Action/Drama,2026-04-30,2026-04-30,2026-04-30 12:40:00,12.40,https://www.kultunaut.dk/perl/arrmore/type-nynaut?ArrNr=19888108
Action/Drama,2026-04-30,2026-04-30,2026-04-30 13:45:00,13.45,https://www.kultunaut.dk/perl/arrmore/type-nynaut?ArrNr=19906457
Andre Film,2026-04-30,2026-04-30,2026-04-30 12:00:00,See description,https://www.kultunaut.dk/perl/arrmore/type-nynaut?ArrNr=19890563
Action/Drama,2026-04-30,2026-04-30,2026-04-30 18:20:00,18.20,https://www.kultunaut.dk/perl/arrmore/type-nynaut?ArrNr=19906566
Møder,2026-04-30,2026-04-30,2026-04-30 12:00:00,See description,https://www.kultunaut.dk/perl/arrmore/type-nynaut?ArrNr=19484319
Møder,2026-04-30,2026-04-30,2026-04-30 15:30:00,15.30,https://www.kultunaut.dk/perl/arrmore/type-nynaut?ArrNr=19772054
Andet motionstilbud,2026-04-30,2026-04-30,2026-04-30 12:00:00,See description,https://www.kultunaut.dk/perl/arrmore/type-nynaut?ArrNr=19818266
"Andet motionstilbud, Børn",2026-04-30,2026-04-30,2026-04-30 12:00:00,See description,https://www.kultunaut.dk/perl/arrmore/type-nynaut?ArrNr=19828776
Lyrik/oplæsning,2026-04-30,2026-04-30,2026-04-30 16:30:00,16.30,https://www.kultunaut.dk/perl/arrmore/type-nynaut?ArrNr=19346276
Andre Film,2026-04-30,2026-04-30,2026-04-30 12:00:00,See description,https://www.kultunaut.dk/perl/arrmore/type-nynaut?ArrNr=19890477
Science Fiction,2026-04-30,2026-04-30,2026-04-30 21:10:00,21.10,https://www.kultunaut.dk/perl/arrmore/type-nynaut?ArrNr=19905944
"Andet motionstilbud, Børn",2026-04-30,2026-04-30,2026-04-30 17:45:00,17.45,https://www.kultunaut.dk/perl/arrmore/type-nynaut?ArrNr=19818104
Gospel/Kor/Fællessang,2026-04-30,2026-04-30,2026-04-30 17:45:00,17.45,https://www.kultunaut.dk/perl/arrmore/type-nynaut?ArrNr=19863887
"Kampsporttræning, Børn",2026-04-30,2026-04-30,2026-04-30 12:00:00,See description,https://www.kultunaut.dk/perl/arrmore/type-nynaut?ArrNr=19818890
Anden forestilling,2026-04-30,2026-04-30,2026-04-30 18:45:00,18.45,https://www.kultunaut.dk/perl/arrmore/type-nynaut?ArrNr=19748325
"Ketchersport, Børn",2026-04-30,2026-04-30,2026-04-30 17:15:00,17.15,https://www.kultunaut.dk/perl/arrmore/type-nynaut?ArrNr=19819131
"Kampsporttræning, Børn",2026-04-30,2026-04-30,2026-04-30 17:30:00,17.30,https://www.kultunaut.dk/perl/arrmore/type-nynaut?ArrNr=19818772
"Ketchersport, Børn",2026-04-30,2026-04-30,2026-04-30 17:30:00,17.30,https://www.kultunaut.dk/perl/arrmore/type-nynaut?ArrNr=19818267
"Danseundervisning, Børn",2026-04-30,2026-04-30,2026-04-30 17:30:00,17.30,https://www.kultunaut.dk/perl/arrmore/type-nynaut?ArrNr=19818345
Møder,2026-04-30,2026-04-30,2026-04-30 17:30:00,17.30,https://www.kultunaut.dk/perl/arrmore/type-nynaut?ArrNr=19709337
"Kampsporttræning, Børn",2026-04-30,2026-04-30,2026-04-30 18:30:00,18.30,https://www.kultunaut.dk/perl/arrmore/type-nynaut?ArrNr=19818207
"Andet motionstilbud, Børn",2026-04-30,2026-04-30,2026-04-30 18:30:00,18.30,https://www.kultunaut.dk/perl/arrmore/type-nynaut?ArrNr=19818557
Foredrag,2026-04-30,2026-04-30,2026-04-30 18:30:00,18.30,https://www.kultunaut.dk/perl/arrmore/type-nynaut?ArrNr=19397132
Action/Drama,2026-04-30,2026-04-30,2026-04-30 12:00:00,See description,https://www.kultunaut.dk/perl/arrmore/type-nynaut?ArrNr=19768781
Action/Drama,2026-04-30,2026-04-30,2026-04-30 12:00:00,See description,https://www.kultunaut.dk/perl/arrmore/type-nynaut?ArrNr=19890727
Gudstjeneste,2026-04-30,2026-04-30,2026-04-30 12:00:00,See description,https://www.kultunaut.dk/perl/arrmore/type-nynaut?ArrNr=19677306
Andet motionstilbud,2026-04-30,2026-04-30,2026-04-30 12:00:00,See description,https://www.kultunaut.dk/perl/arrmore/type-nynaut?ArrNr=19828973
Show/stand up,2026-04-30,2026-04-30,2026-04-30 12:00:00,See description,https://www.kultunaut.dk/perl/arrmore/type-nynaut?ArrNr=19786857
Andet motionstilbud,2026-04-30,2026-04-30,2026-04-30 12:00:00,See description,https://www.kultunaut.dk/perl/arrmore/type-nynaut?ArrNr=19817972
Gospel/Kor/Fællessang,2026-04-30,2026-04-30,2026-04-30 21:30:00,21.30,https://www.kultunaut.dk/perl/arrmore/type-nynaut?ArrNr=19889077
Dans,2026-04-30,2026-04-30,2026-04-30 19:30:00,19:30,https://www.kultunaut.dk/perl/arrmore/type-nynaut?ArrNr=19407741
Skuespil,2026-04-30,2026-04-30,2026-04-30 19:30:00,19.30,https://www.kultunaut.dk/perl/arrmore/type-nynaut?ArrNr=18739930
Action/Drama,2026-04-30,2026-04-30,2026-04-30 19:30:00,19.30,https://www.kultunaut.dk/perl/arrmore/type-nynaut?ArrNr=19890773
Show/stand up,2026-04-30,2026-04-30,2026-04-30 21:30:00,21.30,https://www.kultunaut.dk/perl/arrmore/type-nynaut?ArrNr=19872297
"Andet motionstilbud, Børn",2026-04-30,2026-04-30,2026-04-30 12:00:00,See description,https://www.kultunaut.dk/perl/arrmore/type-nynaut?ArrNr=19818871
Show/stand up,2026-04-30,2026-04-30,2026-04-30 21:00:00,21:00,https://www.kultunaut.dk/perl/arrmore/type-nynaut?ArrNr=19886386
Thriller/Gyser,2026-04-30,2026-04-30,2026-04-30 21:10:00,21.10,https://www.kultunaut.dk/perl/arrmore/type-nynaut?ArrNr=19907007
Shopping,2026-04-30,2026-05-03,2026-04-30 12:00:00,See description,https://www.kultunaut.dk/perl/arrmore/type-nynaut?ArrNr=19846900
Workshop,2026-04-30,2026-05-06,2026-04-30 15:30:00,15:30,https://www.kultunaut.dk/perl/arrmore/type-nynaut?ArrNr=19798177
Gudstjeneste,2026-05-01,2026-05-01,2026-05-01 10:15:00,10.15,https://www.kultunaut.dk/perl/arrmore/type-nynaut?ArrNr=19839544
Tegnefilm/Animation,2026-05-01,2026-05-01,2026-05-01 11:30:00,11.30,https://www.kultunaut.dk/perl/arrmore/type-nynaut?ArrNr=19906862
Tegnefilm/Animation,2026-05-01,2026-05-01,2026-05-01 11:30:00,11.30,https://www.kultunaut.dk/perl/arrmore/type-nynaut?ArrNr=19906366
Action/Drama,2026-05-01,2026-05-01,2026-05-01 12:15:00,12.15,https://www.kultunaut.dk/perl/arrmore/type-nynaut?ArrNr=19907232
Komedie/Romantik,2026-05-01,2026-05-01,2026-05-01 12:30:00,12.30,https://www.kultunaut.dk/perl/arrmore/type-nynaut?ArrNr=19871214
Action/Drama,2026-05-01,2026-05-01,2026-05-01 12:40:00,12.40,https://www.kultunaut.dk/perl/arrmore/type-nynaut?ArrNr=19888037
Action/Drama,2026-05-01,2026-05-01,2026-05-01 12:00:00,See description,https://www.kultunaut.dk/perl/arrmore/type-nynaut?ArrNr=19890814
Andet motionstilbud,2026-05-01,2026-05-01,2026-05-01 12:00:00,See description,https://www.kultunaut.dk/perl/arrmore/type-nynaut?ArrNr=19822063
Action/Drama,2026-05-01,2026-05-01,2026-05-01 14:15:00,14.15,https://www.kultunaut.dk/perl/arrmore/type-nynaut?ArrNr=19907335
Action/Drama,2026-05-01,2026-05-01,2026-05-01 15:15:00,15.15,https://www.kultunaut.dk/perl/arrmore/type-nynaut?ArrNr=19906004
Andre Film,2026-05-01,2026-05-01,2026-05-01 12:00:00,See description,https://www.kultunaut.dk/perl/arrmore/type-nynaut?ArrNr=19890476
"Kampsporttræning, Børn",2026-05-01,2026-05-01,2026-05-01 17:30:00,17.30,https://www.kultunaut.dk/perl/arrmore/type-nynaut?ArrNr=19821613
Action/Drama,2026-05-01,2026-05-01,2026-05-01 16:30:00,16.30,https://www.kultunaut.dk/perl/arrmore/type-nynaut?ArrNr=19890666
Science Fiction,2026-05-01,2026-05-01,2026-05-01 16:45:00,16.45,https://www.kultunaut.dk/perl/arrmore/type-nynaut?ArrNr=19907277
"Kampsporttræning, Børn",2026-05-01,2026-05-01,2026-05-01 17:30:00,17.30,https://www.kultunaut.dk/perl/arrmore/type-nynaut?ArrNr=19821911
Andre Film,2026-05-01,2026-05-01,2026-05-01 12:00:00,See description,https://www.kultunaut.dk/perl/arrmore/type-nynaut?ArrNr=19890695
Klassisk,2026-05-01,2026-05-01,2026-05-01 20:15:00,20.15,https://www.kultunaut.dk/perl/arrmore/type-nynaut?ArrNr=19587079
Musik,2026-05-01,2026-05-01,2026-05-01 20:30:00,20.30,https://www.kultunaut.dk/perl/arrmore/type-nynaut?ArrNr=19797868
Show/stand up,2026-05-01,2026-05-01,2026-05-01 19:30:00,19.30,https://www.kultunaut.dk/perl/arrmore/type-nynaut?ArrNr=18715828
Thriller/Gyser,2026-05-01,2026-05-01,2026-05-01 21:15:00,21.15,https://www.kultunaut.dk/perl/arrmore/type-nynaut?ArrNr=19906584
Thriller/Gyser,2026-05-01,2026-05-01,2026-05-01 21:15:00,21.15,https://www.kultunaut.dk/perl/arrmore/type-nynaut?ArrNr=19907589
Musik,2026-05-01,2026-05-01,2026-05-01 22:00:00,22:00,https://www.kultunaut.dk/perl/arrmore/type-nynaut?ArrNr=19823092
Børneteater,2026-05-02,2026-05-02,2026-05-02 12:00:00,See description,https://www.kultunaut.dk/perl/arrmore/type-nynaut?ArrNr=19834239
Billedkunst,2026-05-01,2026-10-01,2026-05-01 09:00:00,09:00,https://www.kultunaut.dk/perl/arrmore/type-nynaut?ArrNr=19900329
Rock/Pop,2026-05-02,2026-05-02,2026-05-02 12:00:00,See description,https://www.kultunaut.dk/perl/arrmore/type-nynaut?ArrNr=18811519
Ekskursion,2026-05-02,2026-05-02,2026-05-02 13:30:00,13:30,https://www.kultunaut.dk/perl/arrmore/type-nynaut?ArrNr=19862164
Gudstjeneste,2026-05-02,2026-05-02,2026-05-02 09:45:00,09.45,https://www.kultunaut.dk/perl/arrmore/type-nynaut?ArrNr=19889740
Gudstjeneste,2026-05-02,2026-05-02,2026-05-02 12:00:00,See description,https://www.kultunaut.dk/perl/arrmore/type-nynaut?ArrNr=19628829
For børn,2026-05-02,2026-05-02,2026-05-02 12:00:00,See description,https://www.kultunaut.dk/perl/arrmore/type-nynaut?ArrNr=19824475
Gudstjeneste,2026-05-02,2026-05-02,2026-05-02 09:30:00,09.30,https://www.kultunaut.dk/perl/arrmore/type-nynaut?ArrNr=19628598
Gudstjeneste,2026-05-02,2026-05-02,2026-05-02 09:30:00,09.30,https://www.kultunaut.dk/perl/arrmore/type-nynaut?ArrNr=19628612
Gudstjeneste,2026-05-02,2026-05-02,2026-05-02 09:30:00,09.30,https://www.kultunaut.dk/perl/arrmore/type-nynaut?ArrNr=19628887
Gudstjeneste,2026-05-02,2026-05-02,2026-05-02 09:30:00,09.30,https://www.kultunaut.dk/perl/arrmore/type-nynaut?ArrNr=19808724
Tegnefilm/Animation,2026-05-02,2026-05-02,2026-05-02 13:45:00,13.45,https://www.kultunaut.dk/perl/arrmore/type-nynaut?ArrNr=19905945
Gudstjeneste,2026-05-02,2026-05-02,2026-05-02 12:00:00,See description,https://www.kultunaut.dk/perl/arrmore/type-nynaut?ArrNr=19628726
"/jogging, Børn",2026-05-02,2026-05-02,2026-05-02 12:00:00,See description,https://www.kultunaut.dk/perl/arrmore/type-nynaut?ArrNr=19920251
Komedie/Romantik,2026-05-02,2026-05-02,2026-05-02 10:10:00,10.10,https://www.kultunaut.dk/perl/arrmore/type-nynaut?ArrNr=19907001
"Lyrik/oplæsning, Børn",2026-05-02,2026-05-02,2026-05-02 10:30:00,10.30,https://www.kultunaut.dk/perl/arrmore/type-nynaut?ArrNr=19227473
Gudstjeneste,2026-05-02,2026-05-02,2026-05-02 10:30:00,10.30,https://www.kultunaut.dk/perl/arrmore/type-nynaut?ArrNr=19680797
Gudstjeneste,2026-05-02,2026-05-02,2026-05-02 10:30:00,10.30,https://www.kultunaut.dk/perl/arrmore/type-nynaut?ArrNr=19692253
Gudstjeneste,2026-05-02,2026-05-02,2026-05-02 10:30:00,10.30,https://www.kultunaut.dk/perl/arrmore/type-nynaut?ArrNr=19727795
Tegnefilm/Animation,2026-05-02,2026-05-02,2026-05-02 10:30:00,10.30,https://www.kultunaut.dk/perl/arrmore/type-nynaut?ArrNr=19910512
Action/Drama,2026-05-02,2026-05-02,2026-05-02 10:45:00,10.45,https://www.kultunaut.dk/perl/arrmore/type-nynaut?ArrNr=19906534
Gudstjeneste,2026-05-02,2026-05-02,2026-05-02 12:00:00,See description,https://www.kultunaut.dk/perl/arrmore/type-nynaut?ArrNr=19628650
Gudstjeneste,2026-05-02,2026-05-02,2026-05-02 12:00:00,See description,https://www.kultunaut.dk/perl/arrmore/type-nynaut?ArrNr=19628786
Foredrag,2026-05-02,2026-05-02,2026-05-02 11:30:00,11:30,https://www.kultunaut.dk/perl/arrmore/type-nynaut?ArrNr=19653339
Gudstjeneste,2026-05-02,2026-05-02,2026-05-02 11:30:00,11.30,https://www.kultunaut.dk/perl/arrmore/type-nynaut?ArrNr=19628631
Gudstjeneste,2026-05-02,2026-05-02,2026-05-02 11:30:00,11.30,https://www.kultunaut.dk/perl/arrmore/type-nynaut?ArrNr=19628688
Gudstjeneste,2026-05-02,2026-05-02,2026-05-02 12:45:00,12.45,https://www.kultunaut.dk/perl/arrmore/type-nynaut?ArrNr=19889688
Komedie/Romantik,2026-05-02,2026-05-02,2026-05-02 12:30:00,12.30,https://www.kultunaut.dk/perl/arrmore/type-nynaut?ArrNr=19756980
Action/Drama,2026-05-02,2026-05-02,2026-05-02 13:30:00,13.30,https://www.kultunaut.dk/perl/arrmore/type-nynaut?ArrNr=19890575
Tegnefilm/Animation,2026-05-02,2026-05-02,2026-05-02 12:00:00,See description,https://www.kultunaut.dk/perl/arrmore/type-nynaut?ArrNr=19890584
Omvisning,2026-05-02,2026-05-02,2026-05-02 12:00:00,See description,https://www.kultunaut.dk/perl/arrmore/type-nynaut?ArrNr=19701709
Andre Film,2026-05-02,2026-05-02,2026-05-02 12:00:00,See description,https://www.kultunaut.dk/perl/arrmore/type-nynaut?ArrNr=19733509
Tegnefilm/Animation,2026-05-02,2026-05-02,2026-05-02 12:00:00,See description,https://www.kultunaut.dk/perl/arrmore/type-nynaut?ArrNr=19768791
Show/stand up,2026-05-02,2026-05-02,2026-05-02 19:30:00,19.30,https://www.kultunaut.dk/perl/arrmore/type-nynaut?ArrNr=18715004
Action/Drama,2026-05-02,2026-05-02,2026-05-02 15:20:00,15.20,https://www.kultunaut.dk/perl/arrmore/type-nynaut?ArrNr=19888240
Komedie/Romantik,2026-05-02,2026-05-02,2026-05-02 15:40:00,15.40,https://www.kultunaut.dk/perl/arrmore/type-nynaut?ArrNr=19871750
Action/Drama,2026-05-02,2026-05-02,2026-05-02 12:00:00,See description,https://www.kultunaut.dk/perl/arrmore/type-nynaut?ArrNr=19890653
Action/Drama,2026-05-02,2026-05-02,2026-05-02 16:30:00,16.30,https://www.kultunaut.dk/perl/arrmore/type-nynaut?ArrNr=19890816
Andre Film,2026-05-02,2026-05-02,2026-05-02 12:00:00,See description,https://www.kultunaut.dk/perl/arrmore/type-nynaut?ArrNr=19890571
Action/Drama,2026-05-02,2026-05-02,2026-05-02 21:10:00,21.10,https://www.kultunaut.dk/perl/arrmore/type-nynaut?ArrNr=19907212
Thriller/Gyser,2026-05-02,2026-05-02,2026-05-02 21:10:00,21.10,https://www.kultunaut.dk/perl/arrmore/type-nynaut?ArrNr=19907329
Ekskursion,2026-05-03,2026-05-03,2026-05-03 10:30:00,10:30,https://www.kultunaut.dk/perl/arrmore/type-nynaut?ArrNr=19839632
Ekskursion,2026-05-03,2026-05-03,2026-05-03 13:30:00,13:30,https://www.kultunaut.dk/perl/arrmore/type-nynaut?ArrNr=19862200
Fodboldtræning,2026-05-03,2026-05-03,2026-05-03 12:00:00,See description,https://www.kultunaut.dk/perl/arrmore/type-nynaut?ArrNr=19827189
Gudstjeneste,2026-05-03,2026-05-03,2026-05-03 10:30:00,10.30,https://www.kultunaut.dk/perl/arrmore/type-nynaut?ArrNr=19706435
Tegnefilm/Animation,2026-05-03,2026-05-03,2026-05-03 12:00:00,See description,https://www.kultunaut.dk/perl/arrmore/type-nynaut?ArrNr=19906585
Tegnefilm/Animation,2026-05-03,2026-05-03,2026-05-03 12:00:00,See description,https://www.kultunaut.dk/perl/arrmore/type-nynaut?ArrNr=19923284
Gudstjeneste,2026-05-03,2026-05-03,2026-05-03 12:00:00,See description,https://www.kultunaut.dk/perl/arrmore/type-nynaut?ArrNr=19631170
"Ketchersport, Børn",2026-05-03,2026-05-03,2026-05-03 12:00:00,See description,https://www.kultunaut.dk/perl/arrmore/type-nynaut?ArrNr=19827241
Gudstjeneste,2026-05-03,2026-05-03,2026-05-03 10:15:00,10.15,https://www.kultunaut.dk/perl/arrmore/type-nynaut?ArrNr=19694571
Gudstjeneste,2026-05-03,2026-05-03,2026-05-03 10:30:00,10.30,https://www.kultunaut.dk/perl/arrmore/type-nynaut?ArrNr=19631445
Gudstjeneste,2026-05-03,2026-05-03,2026-05-03 10:30:00,10.30,https://www.kultunaut.dk/perl/arrmore/type-nynaut?ArrNr=19631468
Gudstjeneste,2026-05-03,2026-05-03,2026-05-03 10:30:00,10.30,https://www.kultunaut.dk/perl/arrmore/type-nynaut?ArrNr=19631778
Unknown,2026-05-03,2026-05-03,2026-05-03 10:30:00,10.30,https://www.kultunaut.dk/perl/arrmore/type-nynaut?ArrNr=19712566
Gudstjeneste,2026-05-03,2026-05-03,2026-05-03 10:30:00,10.30,https://www.kultunaut.dk/perl/arrmore/type-nynaut?ArrNr=19764025
Gudstjeneste,2026-05-03,2026-05-03,2026-05-03 10:30:00,10.30,https://www.kultunaut.dk/perl/arrmore/type-nynaut?ArrNr=19839357
Gudstjeneste,2026-05-03,2026-05-03,2026-05-03 10:30:00,10.30,https://www.kultunaut.dk/perl/arrmore/type-nynaut?ArrNr=19631586
Gudstjeneste,2026-05-03,2026-05-03,2026-05-03 10:30:00,10.30,https://www.kultunaut.dk/perl/arrmore/type-nynaut?ArrNr=19631291
Gudstjeneste,2026-05-03,2026-05-03,2026-05-03 10:30:00,10.30,https://www.kultunaut.dk/perl/arrmore/type-nynaut?ArrNr=19692227
Gudstjeneste,2026-05-03,2026-05-03,2026-05-03 10:30:00,10.30,https://www.kultunaut.dk/perl/arrmore/type-nynaut?ArrNr=19728320
Gudstjeneste,2026-05-03,2026-05-03,2026-05-03 10:30:00,10.30,https://www.kultunaut.dk/perl/arrmore/type-nynaut?ArrNr=19728523
Tegnefilm/Animation,2026-05-03,2026-05-03,2026-05-03 10:30:00,10.30,https://www.kultunaut.dk/perl/arrmore/type-nynaut?ArrNr=19920901
Action/Drama,2026-05-03,2026-05-03,2026-05-03 12:00:00,See description,https://www.kultunaut.dk/perl/arrmore/type-nynaut?ArrNr=19920893
Action/Drama,2026-05-03,2026-05-03,2026-05-03 12:10:00,12.10,https://www.kultunaut.dk/perl/arrmore/type-nynaut?ArrNr=19888080
Action/Drama,2026-05-03,2026-05-03,2026-05-03 12:20:00,12.20,https://www.kultunaut.dk/perl/arrmore/type-nynaut?ArrNr=19906017
Omvisning,2026-05-03,2026-05-03,2026-05-03 12:00:00,See description,https://www.kultunaut.dk/perl/arrmore/type-nynaut?ArrNr=19700812
Fodboldkamp,2026-05-03,2026-05-03,2026-05-03 12:00:00,See description,https://www.kultunaut.dk/perl/arrmore/type-nynaut?ArrNr=19825742
Komedie/Romantik,2026-05-03,2026-05-03,2026-05-03 13:50:00,13.50,https://www.kultunaut.dk/perl/arrmore/type-nynaut?ArrNr=19906788
Tegnefilm/Animation,2026-05-03,2026-05-03,2026-05-03 12:00:00,See description,https://www.kultunaut.dk/perl/arrmore/type-nynaut?ArrNr=19890748
Andre Film,2026-05-03,2026-05-03,2026-05-03 12:00:00,See description,https://www.kultunaut.dk/perl/arrmore/type-nynaut?ArrNr=19733019
Komedie/Romantik,2026-05-03,2026-05-03,2026-05-03 15:40:00,15.40,https://www.kultunaut.dk/perl/arrmore/type-nynaut?ArrNr=19870629
Andre Film,2026-05-03,2026-05-03,2026-05-03 12:00:00,See description,https://www.kultunaut.dk/perl/arrmore/type-nynaut?ArrNr=19890757
Thriller/Gyser,2026-05-03,2026-05-03,2026-05-03 12:00:00,See description,https://www.kultunaut.dk/perl/arrmore/type-nynaut?ArrNr=19766768
Action/Drama,2026-05-03,2026-05-03,2026-05-03 12:00:00,See description,https://www.kultunaut.dk/perl/arrmore/type-nynaut?ArrNr=19768455
Action/Drama,2026-05-03,2026-05-03,2026-05-03 12:00:00,See description,https://www.kultunaut.dk/perl/arrmore/type-nynaut?ArrNr=19890825
Action/Drama,2026-05-03,2026-05-03,2026-05-03 19:30:00,19.30,https://www.kultunaut.dk/perl/arrmore/type-nynaut?ArrNr=19890485
Skuespil,2026-05-03,2026-05-03,2026-05-03 19:30:00,19.30,https://www.kultunaut.dk/perl/arrmore/type-nynaut?ArrNr=19888921
Thriller/Gyser,2026-05-03,2026-05-03,2026-05-03 21:10:00,21.10,https://www.kultunaut.dk/perl/arrmore/type-nynaut?ArrNr=19907082
Andet,2026-05-04,2026-05-04,2026-05-04 09:00:00,09:00,https://www.kultunaut.dk/perl/arrmore/type-nynaut?ArrNr=19859498
Omvisning,2026-05-04,2026-05-04,2026-05-04 15:00:00,15.00,https://www.kultunaut.dk/perl/arrmore/type-nynaut?ArrNr=19859696
Marked/byfest,2026-05-04,2026-05-04,2026-05-04 19:00:00,19:00,https://www.kultunaut.dk/perl/arrmore/type-nynaut?ArrNr=19889960
Andet,2026-05-04,2026-05-04,2026-05-04 20:37:00,20:37,https://www.kultunaut.dk/perl/arrmore/type-nynaut?ArrNr=19904449
Ketchersport,2026-05-04,2026-05-04,2026-05-04 12:00:00,See description,https://www.kultunaut.dk/perl/arrmore/type-nynaut?ArrNr=19828606
Andet motionstilbud,2026-05-04,2026-05-04,2026-05-04 12:00:00,See description,https://www.kultunaut.dk/perl/arrmore/type-nynaut?ArrNr=19828935
Fitness/styrketræning,2026-05-04,2026-05-04,2026-05-04 10:15:00,10.15,https://www.kultunaut.dk/perl/arrmore/type-nynaut?ArrNr=19828801
Ketchersport,2026-05-04,2026-05-04,2026-05-04 12:00:00,See description,https://www.kultunaut.dk/perl/arrmore/type-nynaut?ArrNr=19907805
Andet motionstilbud,2026-05-04,2026-05-04,2026-05-04 09:30:00,09.30,https://www.kultunaut.dk/perl/arrmore/type-nynaut?ArrNr=19828471
Andet motionstilbud,2026-05-04,2026-05-04,2026-05-04 09:30:00,09.30,https://www.kultunaut.dk/perl/arrmore/type-nynaut?ArrNr=19828997
Vandretur/stavgang,2026-05-04,2026-05-04,2026-05-04 11:30:00,11.30,https://www.kultunaut.dk/perl/arrmore/type-nynaut?ArrNr=19828418
Fitness/styrketræning,2026-05-04,2026-05-04,2026-05-04 10:45:00,10.45,https://www.kultunaut.dk/perl/arrmore/type-nynaut?ArrNr=19828866
Tegnefilm/Animation,2026-05-04,2026-05-04,2026-05-04 11:30:00,11.30,https://www.kultunaut.dk/perl/arrmore/type-nynaut?ArrNr=19906122
Tegnefilm/Animation,2026-05-04,2026-05-04,2026-05-04 11:30:00,11.30,https://www.kultunaut.dk/perl/arrmore/type-nynaut?ArrNr=19906950
Komedie/Romantik,2026-05-04,2026-05-04,2026-05-04 12:00:00,See description,https://www.kultunaut.dk/perl/arrmore/type-nynaut?ArrNr=19907034
Andet motionstilbud,2026-05-04,2026-05-04,2026-05-04 12:00:00,See description,https://www.kultunaut.dk/perl/arrmore/type-nynaut?ArrNr=19828621
Andet motionstilbud,2026-05-04,2026-05-04,2026-05-04 12:00:00,See description,https://www.kultunaut.dk/perl/arrmore/type-nynaut?ArrNr=19828351
Action/Drama,2026-05-04,2026-05-04,2026-05-04 15:20:00,15.20,https://www.kultunaut.dk/perl/arrmore/type-nynaut?ArrNr=19887972
Action/Drama,2026-05-04,2026-05-04,2026-05-04 12:15:00,12.15,https://www.kultunaut.dk/perl/arrmore/type-nynaut?ArrNr=19888190
Komedie/Romantik,2026-05-04,2026-05-04,2026-05-04 12:30:00,12.30,https://www.kultunaut.dk/perl/arrmore/type-nynaut?ArrNr=19870862
Foredrag,2026-05-04,2026-05-04,2026-05-04 12:00:00,See description,https://www.kultunaut.dk/perl/arrmore/type-nynaut?ArrNr=19767127
Foredrag,2026-05-04,2026-05-04,2026-05-04 14:00:00,14:00,https://www.kultunaut.dk/perl/arrmore/type-nynaut?ArrNr=19805923
Action/Drama,2026-05-04,2026-05-04,2026-05-04 14:15:00,14.15,https://www.kultunaut.dk/perl/arrmore/type-nynaut?ArrNr=19906957
Action/Drama,2026-05-04,2026-05-04,2026-05-04 14:30:00,14.30,https://www.kultunaut.dk/perl/arrmore/type-nynaut?ArrNr=19906294
Gymnastik/aerobic,2026-05-04,2026-05-04,2026-05-04 15:20:00,15.20,https://www.kultunaut.dk/perl/arrmore/type-nynaut?ArrNr=19828951
Action/Drama,2026-05-04,2026-05-04,2026-05-04 12:00:00,See description,https://www.kultunaut.dk/perl/arrmore/type-nynaut?ArrNr=19890553
"Musik
          , Børn",2026-05-04,2026-05-04,2026-05-04 16:45:00,16.45,https://www.kultunaut.dk/perl/arrmore/type-nynaut?ArrNr=19897123
Action/Drama,2026-05-04,2026-05-04,2026-05-04 16:30:00,16.30,https://www.kultunaut.dk/perl/arrmore/type-nynaut?ArrNr=19890587
Science Fiction,2026-05-04,2026-05-04,2026-05-04 12:00:00,See description,https://www.kultunaut.dk/perl/arrmore/type-nynaut?ArrNr=19906506
"Danseundervisning, Børn",2026-05-04,2026-05-04,2026-05-04 17:55:00,17.55,https://www.kultunaut.dk/perl/arrmore/type-nynaut?ArrNr=19828679
"Andet boldspil, Børn",2026-05-04,2026-05-04,2026-05-04 18:30:00,18.30,https://www.kultunaut.dk/perl/arrmore/type-nynaut?ArrNr=19828564
/jogging,2026-05-04,2026-05-04,2026-05-04 18:30:00,18.30,https://www.kultunaut.dk/perl/arrmore/type-nynaut?ArrNr=19920792
Møder,2026-05-04,2026-05-04,2026-05-04 12:00:00,See description,https://www.kultunaut.dk/perl/arrmore/type-nynaut?ArrNr=19324568
"Løbetræning/jogging, Børn",2026-05-04,2026-05-04,2026-05-04 17:15:00,17.15,https://www.kultunaut.dk/perl/arrmore/type-nynaut?ArrNr=19828387
"Danseundervisning, Børn",2026-05-04,2026-05-04,2026-05-04 17:30:00,17.30,https://www.kultunaut.dk/perl/arrmore/type-nynaut?ArrNr=19828396
"Danseundervisning, Børn",2026-05-04,2026-05-04,2026-05-04 18:05:00,18.05,https://www.kultunaut.dk/perl/arrmore/type-nynaut?ArrNr=19828584
Andet motionstilbud,2026-05-04,2026-05-04,2026-05-04 18:30:00,18.30,https://www.kultunaut.dk/perl/arrmore/type-nynaut?ArrNr=19828644
Gudstjeneste,2026-05-04,2026-05-04,2026-05-04 18:30:00,18.30,https://www.kultunaut.dk/perl/arrmore/type-nynaut?ArrNr=19872569
Andre Film,2026-05-04,2026-05-04,2026-05-04 12:00:00,See description,https://www.kultunaut.dk/perl/arrmore/type-nynaut?ArrNr=19890426
Gymnastik/aerobic,2026-05-04,2026-05-04,2026-05-04 12:00:00,See description,https://www.kultunaut.dk/perl/arrmore/type-nynaut?ArrNr=19828992
Lyrik/oplæsning,2026-05-04,2026-05-04,2026-05-04 20:45:00,20.45,https://www.kultunaut.dk/perl/arrmore/type-nynaut?ArrNr=19632947
Andet motionstilbud,2026-05-04,2026-05-04,2026-05-04 12:00:00,See description,https://www.kultunaut.dk/perl/arrmore/type-nynaut?ArrNr=19828428
Musik,2026-05-04,2026-05-04,2026-05-04 19:00:00,19:00,https://www.kultunaut.dk/perl/arrmore/type-nynaut?ArrNr=19896577
"Danseundervisning, Børn",2026-05-04,2026-05-04,2026-05-04 19:10:00,19.10,https://www.kultunaut.dk/perl/arrmore/type-nynaut?ArrNr=19828727
Gymnastik/aerobic,2026-05-04,2026-05-04,2026-05-04 19:15:00,19.15,https://www.kultunaut.dk/perl/arrmore/type-nynaut?ArrNr=19828912
Andet boldspil,2026-05-04,2026-05-04,2026-05-04 19:15:00,19.15,https://www.kultunaut.dk/perl/arrmore/type-nynaut?ArrNr=19828654
Skuespil,2026-05-04,2026-05-04,2026-05-04 19:30:00,19.30,https://www.kultunaut.dk/perl/arrmore/type-nynaut?ArrNr=19888917
"Danseundervisning, Børn",2026-05-04,2026-05-04,2026-05-04 20:10:00,20.10,https://www.kultunaut.dk/perl/arrmore/type-nynaut?ArrNr=19828529
Thriller/Gyser,2026-05-04,2026-05-04,2026-05-04 21:10:00,21.10,https://www.kultunaut.dk/perl/arrmore/type-nynaut?ArrNr=19906378
Thriller/Gyser,2026-05-04,2026-05-04,2026-05-04 21:10:00,21.10,https://www.kultunaut.dk/perl/arrmore/type-nynaut?ArrNr=19906526
Workshop,2026-05-05,2026-05-05,2026-05-05 17:30:00,17:30,https://www.kultunaut.dk/perl/arrmore/type-nynaut?ArrNr=19896405
Andet motionstilbud,2026-05-05,2026-05-05,2026-05-05 12:00:00,See description,https://www.kultunaut.dk/perl/arrmore/type-nynaut?ArrNr=19830187
Andet motionstilbud,2026-05-05,2026-05-05,2026-05-05 09:30:00,09.30,https://www.kultunaut.dk/perl/arrmore/type-nynaut?ArrNr=19829846
Gudstjeneste,2026-05-05,2026-05-05,2026-05-05 12:00:00,See description,https://www.kultunaut.dk/perl/arrmore/type-nynaut?ArrNr=19640556
Andre Film,2026-05-05,2026-05-05,2026-05-05 12:00:00,See description,https://www.kultunaut.dk/perl/arrmore/type-nynaut?ArrNr=19792509
Fitness/styrketræning,2026-05-05,2026-05-05,2026-05-05 12:00:00,See description,https://www.kultunaut.dk/perl/arrmore/type-nynaut?ArrNr=19829836
Andet,2026-05-05,2026-05-05,2026-05-05 10:00:00,10:00,https://www.kultunaut.dk/perl/arrmore/type-nynaut?ArrNr=19889999
Gudstjeneste,2026-05-05,2026-05-05,2026-05-05 10:30:00,10.30,https://www.kultunaut.dk/perl/arrmore/type-nynaut?ArrNr=19640597
Gymnastik/aerobic,2026-05-05,2026-05-05,2026-05-05 12:00:00,See description,https://www.kultunaut.dk/perl/arrmore/type-nynaut?ArrNr=19830228
Fitness/styrketræning,2026-05-05,2026-05-05,2026-05-05 12:00:00,See description,https://www.kultunaut.dk/perl/arrmore/type-nynaut?ArrNr=19830423
Tegnefilm/Animation,2026-05-05,2026-05-05,2026-05-05 11:30:00,11.30,https://www.kultunaut.dk/perl/arrmore/type-nynaut?ArrNr=19907187
Tegnefilm/Animation,2026-05-05,2026-05-05,2026-05-05 11:30:00,11.30,https://www.kultunaut.dk/perl/arrmore/type-nynaut?ArrNr=19906488
Action/Drama,2026-05-05,2026-05-05,2026-05-05 12:15:00,12.15,https://www.kultunaut.dk/perl/arrmore/type-nynaut?ArrNr=19888008
Komedie/Romantik,2026-05-05,2026-05-05,2026-05-05 12:30:00,12.30,https://www.kultunaut.dk/perl/arrmore/type-nynaut?ArrNr=19871443
Action/Drama,2026-05-05,2026-05-05,2026-05-05 12:40:00,12.40,https://www.kultunaut.dk/perl/arrmore/type-nynaut?ArrNr=19888247
Danseundervisning,2026-05-05,2026-05-05,2026-05-05 12:00:00,See description,https://www.kultunaut.dk/perl/arrmore/type-nynaut?ArrNr=19829944
Andet motionstilbud,2026-05-05,2026-05-05,2026-05-05 12:00:00,See description,https://www.kultunaut.dk/perl/arrmore/type-nynaut?ArrNr=19830167
Action/Drama,2026-05-05,2026-05-05,2026-05-05 13:30:00,13.30,https://www.kultunaut.dk/perl/arrmore/type-nynaut?ArrNr=19890792
Andre Film,2026-05-05,2026-05-05,2026-05-05 12:00:00,See description,https://www.kultunaut.dk/perl/arrmore/type-nynaut?ArrNr=19890813
Action/Drama,2026-05-05,2026-05-05,2026-05-05 14:15:00,14.15,https://www.kultunaut.dk/perl/arrmore/type-nynaut?ArrNr=19906557
Action/Drama,2026-05-05,2026-05-05,2026-05-05 14:30:00,14.30,https://www.kultunaut.dk/perl/arrmore/type-nynaut?ArrNr=19906085
Action/Drama,2026-05-05,2026-05-05,2026-05-05 12:00:00,See description,https://www.kultunaut.dk/perl/arrmore/type-nynaut?ArrNr=19890562
Lyrik/oplæsning,2026-05-05,2026-05-05,2026-05-05 12:00:00,See description,https://www.kultunaut.dk/perl/arrmore/type-nynaut?ArrNr=19336085
"Kampsporttræning, Børn",2026-05-05,2026-05-05,2026-05-05 16:30:00,16.30,https://www.kultunaut.dk/perl/arrmore/type-nynaut?ArrNr=19829871
Andet motionstilbud,2026-05-05,2026-05-05,2026-05-05 16:30:00,16.30,https://www.kultunaut.dk/perl/arrmore/type-nynaut?ArrNr=19830145
Workshop,2026-05-05,2026-05-05,2026-05-05 12:00:00,See description,https://www.kultunaut.dk/perl/arrmore/type-nynaut?ArrNr=19813111
Science Fiction,2026-05-05,2026-05-05,2026-05-05 21:10:00,21.10,https://www.kultunaut.dk/perl/arrmore/type-nynaut?ArrNr=19906280
"Kampsporttræning, Børn",2026-05-05,2026-05-05,2026-05-05 12:00:00,See description,https://www.kultunaut.dk/perl/arrmore/type-nynaut?ArrNr=19830405
"Andet motionstilbud, Børn",2026-05-05,2026-05-05,2026-05-05 18:30:00,18.30,https://www.kultunaut.dk/perl/arrmore/type-nynaut?ArrNr=19830020
Ketchersport,2026-05-05,2026-05-05,2026-05-05 12:00:00,See description,https://www.kultunaut.dk/perl/arrmore/type-nynaut?ArrNr=19908034
"Ketchersport, Børn",2026-05-05,2026-05-05,2026-05-05 12:00:00,See description,https://www.kultunaut.dk/perl/arrmore/type-nynaut?ArrNr=19830321
"Ketchersport, Børn",2026-05-05,2026-05-05,2026-05-05 17:15:00,17.15,https://www.kultunaut.dk/perl/arrmore/type-nynaut?ArrNr=19829966
"Kampsporttræning, Børn",2026-05-05,2026-05-05,2026-05-05 17:30:00,17.30,https://www.kultunaut.dk/perl/arrmore/type-nynaut?ArrNr=19830238
Fodboldtræning,2026-05-05,2026-05-05,2026-05-05 12:00:00,See description,https://www.kultunaut.dk/perl/arrmore/type-nynaut?ArrNr=19829977
Foredrag,2026-05-05,2026-05-05,2026-05-05 18:30:00,18.30,https://www.kultunaut.dk/perl/arrmore/type-nynaut?ArrNr=19915719
Andet motionstilbud,2026-05-05,2026-05-05,2026-05-05 18:30:00,18.30,https://www.kultunaut.dk/perl/arrmore/type-nynaut?ArrNr=19830247
Andre Film,2026-05-05,2026-05-05,2026-05-05 12:00:00,See description,https://www.kultunaut.dk/perl/arrmore/type-nynaut?ArrNr=19890557
Gudstjeneste,2026-05-05,2026-05-05,2026-05-05 12:00:00,See description,https://www.kultunaut.dk/perl/arrmore/type-nynaut?ArrNr=19640455
Show/stand up,2026-05-05,2026-05-05,2026-05-05 12:00:00,See description,https://www.kultunaut.dk/perl/arrmore/type-nynaut?ArrNr=19616876
Andet motionstilbud,2026-05-05,2026-05-05,2026-05-05 12:00:00,See description,https://www.kultunaut.dk/perl/arrmore/type-nynaut?ArrNr=19830513
Andet boldspil,2026-05-05,2026-05-05,2026-05-05 19:15:00,19.15,https://www.kultunaut.dk/perl/arrmore/type-nynaut?ArrNr=19830032
"Andet motionstilbud, Børn",2026-05-05,2026-05-05,2026-05-05 12:00:00,See description,https://www.kultunaut.dk/perl/arrmore/type-nynaut?ArrNr=19830431
Jazz,2026-05-05,2026-05-05,2026-05-05 20:00:00,20:00,https://www.kultunaut.dk/perl/arrmore/type-nynaut?ArrNr=19334256
Møder,2026-05-05,2026-05-05,2026-05-05 20:00:00,20:00,https://www.kultunaut.dk/perl/arrmore/type-nynaut?ArrNr=19886398
Thriller/Gyser,2026-05-05,2026-05-05,2026-05-05 21:10:00,21.10,https://www.kultunaut.dk/perl/arrmore/type-nynaut?ArrNr=19906793
Ekskursion,2026-05-06,2026-05-06,2026-05-06 13:30:00,13:30,https://www.kultunaut.dk/perl/arrmore/type-nynaut?ArrNr=19862190
Møder,2026-05-06,2026-05-06,2026-05-06 20:00:00,20:00,https://www.kultunaut.dk/perl/arrmore/type-nynaut?ArrNr=19531948
Ketchersport,2026-05-06,2026-05-06,2026-05-06 12:00:00,See description,https://www.kultunaut.dk/perl/arrmore/type-nynaut?ArrNr=19831278
Gymnastik/aerobic,2026-05-06,2026-05-06,2026-05-06 12:00:00,See description,https://www.kultunaut.dk/perl/arrmore/type-nynaut?ArrNr=19831411
Gymnastik/aerobic,2026-05-06,2026-05-06,2026-05-06 12:00:00,See description,https://www.kultunaut.dk/perl/arrmore/type-nynaut?ArrNr=19831580
Gudstjeneste,2026-05-06,2026-05-06,2026-05-06 09:30:00,09.30,https://www.kultunaut.dk/perl/arrmore/type-nynaut?ArrNr=19643365
Baby/barsel,2026-05-06,2026-05-06,2026-05-06 12:00:00,See description,https://www.kultunaut.dk/perl/arrmore/type-nynaut?ArrNr=19692250
Baby/barsel,2026-05-06,2026-05-06,2026-05-06 12:00:00,See description,https://www.kultunaut.dk/perl/arrmore/type-nynaut?ArrNr=19642437
Andet boldspil,2026-05-06,2026-05-06,2026-05-06 12:00:00,See description,https://www.kultunaut.dk/perl/arrmore/type-nynaut?ArrNr=19831193
Andet motionstilbud,2026-05-06,2026-05-06,2026-05-06 12:00:00,See description,https://www.kultunaut.dk/perl/arrmore/type-nynaut?ArrNr=19831343
Danseundervisning,2026-05-06,2026-05-06,2026-05-06 10:15:00,10.15,https://www.kultunaut.dk/perl/arrmore/type-nynaut?ArrNr=19831571
Andet motionstilbud,2026-05-06,2026-05-06,2026-05-06 10:30:00,10.30,https://www.kultunaut.dk/perl/arrmore/type-nynaut?ArrNr=19831463
Andet motionstilbud,2026-05-06,2026-05-06,2026-05-06 12:00:00,See description,https://www.kultunaut.dk/perl/arrmore/type-nynaut?ArrNr=19831281
Tegnefilm/Animation,2026-05-06,2026-05-06,2026-05-06 11:30:00,11.30,https://www.kultunaut.dk/perl/arrmore/type-nynaut?ArrNr=19920850
Action/Drama,2026-05-06,2026-05-06,2026-05-06 11:45:00,11.45,https://www.kultunaut.dk/perl/arrmore/type-nynaut?ArrNr=19907046
Action/Drama,2026-05-06,2026-05-06,2026-05-06 12:15:00,12.15,https://www.kultunaut.dk/perl/arrmore/type-nynaut?ArrNr=19888168
Komedie/Romantik,2026-05-06,2026-05-06,2026-05-06 12:30:00,12.30,https://www.kultunaut.dk/perl/arrmore/type-nynaut?ArrNr=19870556
Action/Drama,2026-05-06,2026-05-06,2026-05-06 12:40:00,12.40,https://www.kultunaut.dk/perl/arrmore/type-nynaut?ArrNr=19888198
Andet motionstilbud,2026-05-06,2026-05-06,2026-05-06 12:00:00,See description,https://www.kultunaut.dk/perl/arrmore/type-nynaut?ArrNr=19831827
Science Fiction,2026-05-06,2026-05-06,2026-05-06 13:45:00,13.45,https://www.kultunaut.dk/perl/arrmore/type-nynaut?ArrNr=19907320
Andre Film,2026-05-06,2026-05-06,2026-05-06 12:00:00,See description,https://www.kultunaut.dk/perl/arrmore/type-nynaut?ArrNr=19890849
Action/Drama,2026-05-06,2026-05-06,2026-05-06 14:20:00,14.20,https://www.kultunaut.dk/perl/arrmore/type-nynaut?ArrNr=19920891
Skydning,2026-05-06,2026-05-06,2026-05-06 14:20:00,14.20,https://www.kultunaut.dk/perl/arrmore/type-nynaut?ArrNr=19831679
Andet,2026-05-06,2026-05-06,2026-05-06 15:30:00,15.30,https://www.kultunaut.dk/perl/arrmore/type-nynaut?ArrNr=19791756
"Ketchersport, Børn",2026-05-06,2026-05-06,2026-05-06 12:00:00,See description,https://www.kultunaut.dk/perl/arrmore/type-nynaut?ArrNr=19908359
Natur,2026-05-06,2026-05-06,2026-05-06 16:30:00,16.30,https://www.kultunaut.dk/perl/arrmore/type-nynaut?ArrNr=19641134
Komedie/Romantik,2026-05-06,2026-05-06,2026-05-06 16:30:00,16.30,https://www.kultunaut.dk/perl/arrmore/type-nynaut?ArrNr=19920892
Andre Film,2026-05-06,2026-05-06,2026-05-06 12:00:00,See description,https://www.kultunaut.dk/perl/arrmore/type-nynaut?ArrNr=19890683
"Danseundervisning, Børn",2026-05-06,2026-05-06,2026-05-06 17:55:00,17.55,https://www.kultunaut.dk/perl/arrmore/type-nynaut?ArrNr=19831187
/jogging,2026-05-06,2026-05-06,2026-05-06 18:30:00,18.30,https://www.kultunaut.dk/perl/arrmore/type-nynaut?ArrNr=19919332
"Andet motionstilbud, Børn",2026-05-06,2026-05-06,2026-05-06 12:00:00,See description,https://www.kultunaut.dk/perl/arrmore/type-nynaut?ArrNr=19831414
"Andet motionstilbud, Børn",2026-05-06,2026-05-06,2026-05-06 12:00:00,See description,https://www.kultunaut.dk/perl/arrmore/type-nynaut?ArrNr=19831618
Andet,2026-05-06,2026-05-06,2026-05-06 20:30:00,20.30,https://www.kultunaut.dk/perl/arrmore/type-nynaut?ArrNr=19336008
Foredrag,2026-05-06,2026-05-06,2026-05-06 12:00:00,See description,https://www.kultunaut.dk/perl/arrmore/type-nynaut?ArrNr=19809085
Gymnastik/aerobic,2026-05-06,2026-05-06,2026-05-06 12:00:00,See description,https://www.kultunaut.dk/perl/arrmore/type-nynaut?ArrNr=19831413
"Danseundervisning, Børn",2026-05-06,2026-05-06,2026-05-06 18:05:00,18.05,https://www.kultunaut.dk/perl/arrmore/type-nynaut?ArrNr=19831190
"Kampsporttræning, Børn",2026-05-06,2026-05-06,2026-05-06 18:30:00,18.30,https://www.kultunaut.dk/perl/arrmore/type-nynaut?ArrNr=19831533
Andet motionstilbud,2026-05-06,2026-05-06,2026-05-06 18:30:00,18.30,https://www.kultunaut.dk/perl/arrmore/type-nynaut?ArrNr=19831195
Musik,2026-05-06,2026-05-06,2026-05-06 12:00:00,See description,https://www.kultunaut.dk/perl/arrmore/type-nynaut?ArrNr=19131576
Action/Drama,2026-05-06,2026-05-06,2026-05-06 12:00:00,See description,https://www.kultunaut.dk/perl/arrmore/type-nynaut?ArrNr=19890713
Action/Drama,2026-05-06,2026-05-06,2026-05-06 12:00:00,See description,https://www.kultunaut.dk/perl/arrmore/type-nynaut?ArrNr=19910204
Lyrik/oplæsning,2026-05-06,2026-05-06,2026-05-06 20:30:00,20.30,https://www.kultunaut.dk/perl/arrmore/type-nynaut?ArrNr=18931155
Andet motionstilbud,2026-05-06,2026-05-06,2026-05-06 12:00:00,See description,https://www.kultunaut.dk/perl/arrmore/type-nynaut?ArrNr=19916034
Skuespil,2026-05-06,2026-05-06,2026-05-06 19:30:00,19.30,https://www.kultunaut.dk/perl/arrmore/type-nynaut?ArrNr=18740583
Show/stand up,2026-05-06,2026-05-06,2026-05-06 19:30:00,19.30,https://www.kultunaut.dk/perl/arrmore/type-nynaut?ArrNr=19625448
Action/Drama,2026-05-06,2026-05-06,2026-05-06 19:30:00,19.30,https://www.kultunaut.dk/perl/arrmore/type-nynaut?ArrNr=19890456
Andet,2026-05-07,2026-05-07,2026-05-07 09:00:00,09:00,https://www.kultunaut.dk/perl/arrmore/type-nynaut?ArrNr=19859653
Workshop,2026-05-07,2026-05-07,2026-05-07 14:00:00,14:00,https://www.kultunaut.dk/perl/arrmore/type-nynaut?ArrNr=19869228
Omvisning,2026-05-07,2026-05-07,2026-05-07 16:00:00,16.00,https://www.kultunaut.dk/perl/arrmore/type-nynaut?ArrNr=19859699
Andet motionstilbud,2026-05-07,2026-05-07,2026-05-07 12:00:00,See description,https://www.kultunaut.dk/perl/arrmore/type-nynaut?ArrNr=19833543
Fitness/styrketræning,2026-05-07,2026-05-07,2026-05-07 09:30:00,09.30,https://www.kultunaut.dk/perl/arrmore/type-nynaut?ArrNr=19833892
Andet motionstilbud,2026-05-07,2026-05-07,2026-05-07 09:30:00,09.30,https://www.kultunaut.dk/perl/arrmore/type-nynaut?ArrNr=19833668
Andet motionstilbud,2026-05-07,2026-05-07,2026-05-07 09:30:00,09.30,https://www.kultunaut.dk/perl/arrmore/type-nynaut?ArrNr=19833580
Vandretur/stavgang,2026-05-07,2026-05-07,2026-05-07 11:30:00,11.30,https://www.kultunaut.dk/perl/arrmore/type-nynaut?ArrNr=19833517
Møder,2026-05-07,2026-05-07,2026-05-07 12:00:00,See description,https://www.kultunaut.dk/perl/arrmore/type-nynaut?ArrNr=19229281
Andet motionstilbud,2026-05-07,2026-05-07,2026-05-07 10:15:00,10.15,https://www.kultunaut.dk/perl/arrmore/type-nynaut?ArrNr=19834024
Danseundervisning,2026-05-07,2026-05-07,2026-05-07 12:00:00,See description,https://www.kultunaut.dk/perl/arrmore/type-nynaut?ArrNr=19833709
Komedie/Romantik,2026-05-07,2026-05-07,2026-05-07 11:30:00,11.30,https://www.kultunaut.dk/perl/arrmore/type-nynaut?ArrNr=19887946
Action/Drama,2026-05-07,2026-05-07,2026-05-07 15:15:00,15.15,https://www.kultunaut.dk/perl/arrmore/type-nynaut?ArrNr=19933025
Andet motionstilbud,2026-05-07,2026-05-07,2026-05-07 12:15:00,12.15,https://www.kultunaut.dk/perl/arrmore/type-nynaut?ArrNr=19833591
Gymnastik/aerobic,2026-05-07,2026-05-07,2026-05-07 12:15:00,12.15,https://www.kultunaut.dk/perl/arrmore/type-nynaut?ArrNr=19833714
Tegnefilm/Animation,2026-05-07,2026-05-07,2026-05-07 12:30:00,12.30,https://www.kultunaut.dk/perl/arrmore/type-nynaut?ArrNr=19923337
Action/Drama,2026-05-07,2026-05-07,2026-05-07 12:45:00,12.45,https://www.kultunaut.dk/perl/arrmore/type-nynaut?ArrNr=19888208
Action/Drama,2026-05-07,2026-05-07,2026-05-07 12:00:00,See description,https://www.kultunaut.dk/perl/arrmore/type-nynaut?ArrNr=19919220
Tegnefilm/Animation,2026-05-07,2026-05-07,2026-05-07 12:00:00,See description,https://www.kultunaut.dk/perl/arrmore/type-nynaut?ArrNr=19923330
Møder,2026-05-07,2026-05-07,2026-05-07 12:00:00,See description,https://www.kultunaut.dk/perl/arrmore/type-nynaut?ArrNr=19484549
Andet motionstilbud,2026-05-07,2026-05-07,2026-05-07 12:00:00,See description,https://www.kultunaut.dk/perl/arrmore/type-nynaut?ArrNr=19833935
"Andet motionstilbud, Børn",2026-05-07,2026-05-07,2026-05-07 12:00:00,See description,https://www.kultunaut.dk/perl/arrmore/type-nynaut?ArrNr=19834165
Science Fiction,2026-05-07,2026-05-07,2026-05-07 16:15:00,16.15,https://www.kultunaut.dk/perl/arrmore/type-nynaut?ArrNr=19923331
Foredrag,2026-05-07,2026-05-07,2026-05-07 16:30:00,16.30,https://www.kultunaut.dk/perl/arrmore/type-nynaut?ArrNr=19809093
Møder,2026-05-07,2026-05-07,2026-05-07 16:30:00,16.30,https://www.kultunaut.dk/perl/arrmore/type-nynaut?ArrNr=19773410
Andre Film,2026-05-07,2026-05-07,2026-05-07 12:00:00,See description,https://www.kultunaut.dk/perl/arrmore/type-nynaut?ArrNr=19919523
"Andet motionstilbud, Børn",2026-05-07,2026-05-07,2026-05-07 17:45:00,17.45,https://www.kultunaut.dk/perl/arrmore/type-nynaut?ArrNr=19834002
"Kampsporttræning, Børn",2026-05-07,2026-05-07,2026-05-07 12:00:00,See description,https://www.kultunaut.dk/perl/arrmore/type-nynaut?ArrNr=19834011
Gudstjeneste,2026-05-07,2026-05-07,2026-05-07 12:00:00,See description,https://www.kultunaut.dk/perl/arrmore/type-nynaut?ArrNr=19783556
"Ketchersport, Børn",2026-05-07,2026-05-07,2026-05-07 17:15:00,17.15,https://www.kultunaut.dk/perl/arrmore/type-nynaut?ArrNr=19833856
"Kampsporttræning, Børn",2026-05-07,2026-05-07,2026-05-07 17:30:00,17.30,https://www.kultunaut.dk/perl/arrmore/type-nynaut?ArrNr=19834205
"Ketchersport, Børn",2026-05-07,2026-05-07,2026-05-07 17:30:00,17.30,https://www.kultunaut.dk/perl/arrmore/type-nynaut?ArrNr=19834110
"Danseundervisning, Børn",2026-05-07,2026-05-07,2026-05-07 17:30:00,17.30,https://www.kultunaut.dk/perl/arrmore/type-nynaut?ArrNr=19833895
Action/Drama,2026-05-07,2026-05-07,2026-05-07 17:45:00,17.45,https://www.kultunaut.dk/perl/arrmore/type-nynaut?ArrNr=19923319
"Andet motionstilbud, Børn",2026-05-07,2026-05-07,2026-05-07 19:45:00,19.45,https://www.kultunaut.dk/perl/arrmore/type-nynaut?ArrNr=19833594
Musik,2026-05-07,2026-05-07,2026-05-07 18:30:00,18.30,https://www.kultunaut.dk/perl/arrmore/type-nynaut?ArrNr=19774324
"Kampsporttræning, Børn",2026-05-07,2026-05-07,2026-05-07 18:30:00,18.30,https://www.kultunaut.dk/perl/arrmore/type-nynaut?ArrNr=19833540
"Andet motionstilbud, Børn",2026-05-07,2026-05-07,2026-05-07 18:30:00,18.30,https://www.kultunaut.dk/perl/arrmore/type-nynaut?ArrNr=19834031
Andre Film,2026-05-07,2026-05-07,2026-05-07 12:00:00,See description,https://www.kultunaut.dk/perl/arrmore/type-nynaut?ArrNr=19919252
Andet motionstilbud,2026-05-07,2026-05-07,2026-05-07 12:00:00,See description,https://www.kultunaut.dk/perl/arrmore/type-nynaut?ArrNr=19833916
Andet motionstilbud,2026-05-07,2026-05-07,2026-05-07 12:00:00,See description,https://www.kultunaut.dk/perl/arrmore/type-nynaut?ArrNr=19833563
Show/stand up,2026-05-07,2026-05-07,2026-05-07 19:30:00,19.30,https://www.kultunaut.dk/perl/arrmore/type-nynaut?ArrNr=18714955
Musik,2026-05-07,2026-05-07,2026-05-07 19:30:00,19.30,https://www.kultunaut.dk/perl/arrmore/type-nynaut?ArrNr=18777555
Action/Drama,2026-05-07,2026-05-07,2026-05-07 19:30:00,19.30,https://www.kultunaut.dk/perl/arrmore/type-nynaut?ArrNr=19919295
"Andet motionstilbud, Børn",2026-05-07,2026-05-07,2026-05-07 12:00:00,See description,https://www.kultunaut.dk/perl/arrmore/type-nynaut?ArrNr=19833993
Andre Film,2026-05-07,2026-05-07,2026-05-07 20:45:00,20.45,https://www.kultunaut.dk/perl/arrmore/type-nynaut?ArrNr=19780054
Andre Film,2026-05-07,2026-05-07,2026-05-07 12:00:00,See description,https://www.kultunaut.dk/perl/arrmore/type-nynaut?ArrNr=19841923
Show/stand up,2026-05-07,2026-05-07,2026-05-07 21:00:00,21:00,https://www.kultunaut.dk/perl/arrmore/type-nynaut?ArrNr=19886389
Action/Drama,2026-05-07,2026-05-07,2026-05-07 21:15:00,21.15,https://www.kultunaut.dk/perl/arrmore/type-nynaut?ArrNr=19923312
Folk/Vise/Country,2026-05-08,2026-05-08,2026-05-08 12:00:00,See description,https://www.kultunaut.dk/perl/arrmore/type-nynaut?ArrNr=18904283
Anden forestilling,2026-05-08,2026-05-08,2026-05-08 15:15:00,15:15,https://www.kultunaut.dk/perl/arrmore/type-nynaut?ArrNr=19686678
Rock/Pop,2026-05-08,2026-05-08,2026-05-08 20:30:00,20:30,https://www.kultunaut.dk/perl/arrmore/type-nynaut?ArrNr=19802252
Familiefilm,2026-05-08,2026-05-08,2026-05-08 11:30:00,11.30,https://www.kultunaut.dk/perl/arrmore/type-nynaut?ArrNr=19923303
Action/Drama,2026-05-08,2026-05-08,2026-05-08 12:15:00,12.15,https://www.kultunaut.dk/perl/arrmore/type-nynaut?ArrNr=19888110
Action/Drama,2026-05-08,2026-05-08,2026-05-08 12:30:00,12.30,https://www.kultunaut.dk/perl/arrmore/type-nynaut?ArrNr=19923317
Action/Drama,2026-05-08,2026-05-08,2026-05-08 12:45:00,12.45,https://www.kultunaut.dk/perl/arrmore/type-nynaut?ArrNr=19887980
Andet motionstilbud,2026-05-08,2026-05-08,2026-05-08 12:00:00,See description,https://www.kultunaut.dk/perl/arrmore/type-nynaut?ArrNr=19837211
Dokumentar,2026-05-08,2026-05-08,2026-05-08 13:30:00,13.30,https://www.kultunaut.dk/perl/arrmore/type-nynaut?ArrNr=19919933
Tegnefilm/Animation,2026-05-08,2026-05-08,2026-05-08 14:10:00,14.10,https://www.kultunaut.dk/perl/arrmore/type-nynaut?ArrNr=19923338
Dokumentar,2026-05-08,2026-05-08,2026-05-08 12:00:00,See description,https://www.kultunaut.dk/perl/arrmore/type-nynaut?ArrNr=19906784
"Kampsporttræning, Børn",2026-05-08,2026-05-08,2026-05-08 17:30:00,17.30,https://www.kultunaut.dk/perl/arrmore/type-nynaut?ArrNr=19836262
Andre Film,2026-05-08,2026-05-08,2026-05-08 16:30:00,16.30,https://www.kultunaut.dk/perl/arrmore/type-nynaut?ArrNr=19919821
Science Fiction,2026-05-08,2026-05-08,2026-05-08 16:30:00,16.30,https://www.kultunaut.dk/perl/arrmore/type-nynaut?ArrNr=19923289
Action/Drama,2026-05-08,2026-05-08,2026-05-08 12:00:00,See description,https://www.kultunaut.dk/perl/arrmore/type-nynaut?ArrNr=19919334
"Kampsporttræning, Børn",2026-05-08,2026-05-08,2026-05-08 17:30:00,17.30,https://www.kultunaut.dk/perl/arrmore/type-nynaut?ArrNr=19836783
Action/Drama,2026-05-08,2026-05-08,2026-05-08 21:15:00,21.15,https://www.kultunaut.dk/perl/arrmore/type-nynaut?ArrNr=19923285
Show/stand up,2026-05-08,2026-05-08,2026-05-08 19:30:00,19.30,https://www.kultunaut.dk/perl/arrmore/type-nynaut?ArrNr=18715057
Funk/Blues/R&B,2026-05-08,2026-05-08,2026-05-08 12:00:00,See description,https://www.kultunaut.dk/perl/arrmore/type-nynaut?ArrNr=19769979
Rock/Pop,2026-05-08,2026-05-08,2026-05-08 20:00:00,20:00,https://www.kultunaut.dk/perl/arrmore/type-nynaut?ArrNr=19771296
Andre Film,2026-05-08,2026-05-08,2026-05-08 20:45:00,20.45,https://www.kultunaut.dk/perl/arrmore/type-nynaut?ArrNr=19780099
Andre Film,2026-05-08,2026-05-08,2026-05-08 12:00:00,See description,https://www.kultunaut.dk/perl/arrmore/type-nynaut?ArrNr=19841718
